external_id,name,clean_name,type,inn_bin,role,country,date_base
000000161,"ТОО ""Центр крепежных систем""",Центр крепежных систем ТОО,ТОО,171040015142,Поставщики ,КАЗАХСТАН,ТОО «DOWNTOWN MANAGEMENT»
000000615,"ТОО ""Atlant Stroy Service""",Atlant Stroy Service ТОО,ТОО,210940015152,Поставщики ,КАЗАХСТАН,ТОО «DOWNTOWN MANAGEMENT»
000000616,"ТОО ""Evolution Technologies""",Evolution Technologies ТОО,ТОО,061240013051,Поставщики ,КАЗАХСТАН,ТОО «DOWNTOWN MANAGEMENT»
000000619,"ТОО ""ABK-SAPA""",ABK-SAPA ТОО,ТОО,160440030832,Поставщики ,КАЗАХСТАН,ТОО «DOWNTOWN MANAGEMENT»
000000620,"ТОО ""СанТехКомплект-2020""",СанТехКомплект-2020 ТОО,ТОО,201140014166,Поставщики ,КАЗАХСТАН,ТОО «DOWNTOWN MANAGEMENT»
000000621,Строй-ДК Астана ТОО ,Строй-ДК Астана ТОО,ТОО,220140005495,Поставщики ,КАЗАХСТАН,ТОО «DOWNTOWN MANAGEMENT»
000000624,Central City Properties ТОО ,Central City Properties ТОО,ТОО,201140031473,Поставщики ,КАЗАХСТАН,ТОО «DOWNTOWN MANAGEMENT»
000000627,"ТОО ""BaiBars""",BaiBars ТОО,ТОО,161140005325,Поставщики ,КАЗАХСТАН,ТОО «DOWNTOWN MANAGEMENT»
000000629,"ТОО ""Santeh KZ""",Santeh KZ ТОО,ТОО,211040003941,Поставщики ,КАЗАХСТАН,ТОО «DOWNTOWN MANAGEMENT»
000000630,"ТОО ""SW Reseller""",SW Reseller ТОО,ТОО,170140027701,Поставщики ,КАЗАХСТАН,ТОО «DOWNTOWN MANAGEMENT»
000000631,"ТОО ""ALTYN ZHAS TC""",ALTYN ZHAS TC ТОО,ТОО,191040025718,Поставщики ,КАЗАХСТАН,ТОО «DOWNTOWN MANAGEMENT»
000000632,"ТОО ""Grass Clean""",Grass Clean ТОО,ТОО,201140005959,Поставщики ,КАЗАХСТАН,ТОО «DOWNTOWN MANAGEMENT»
000000633,"ТОО ""ELITESARA""",ELITESARA ТОО,ТОО,110840017590,Поставщики ,КАЗАХСТАН,ТОО «DOWNTOWN MANAGEMENT»
000000634,"ТОО ""SARA OptSales""",SARA OptSales ТОО,ТОО,091040010550,Поставщики ,КАЗАХСТАН,ТОО «DOWNTOWN MANAGEMENT»
000000636,"ТОО ""Acvee Market Astana""",Acvee Market Astana ТОО,ТОО,090740010058,Поставщики ,КАЗАХСТАН,ТОО «DOWNTOWN MANAGEMENT»
000000637,Евро Маркет Комплект ТОО ,Евро Маркет Комплект ТОО,ТОО,110140000095,Поставщики ,КАЗАХСТАН,ТОО «DOWNTOWN MANAGEMENT»
000000638,"ТОО ""СТУДИЯ ТВОРЧЕСКИХ ПРОЕКТОВ ""ИКЕМ""",СТУДИЯ ТВОРЧЕСКИХ ПРОЕКТОВ ИКЕМ ТОО,ТОО,090940006196,Поставщики ,КАЗАХСТАН,ТОО «DOWNTOWN MANAGEMENT»
000000644,"ТОО ""НВК Инжиниринг""",НВК Инжиниринг ТОО,ТОО,191240002687,Поставщики ,КАЗАХСТАН,ТОО «DOWNTOWN MANAGEMENT»
000000645,"ТОО ""СтройТехПрогресс""",СтройТехПрогресс ТОО,ТОО,210440007537,Поставщики ,КАЗАХСТАН,ТОО «DOWNTOWN MANAGEMENT»
000000597,"ТОО ""Сервис Плаза""",Сервис Плаза ТОО,ТОО,110240006662,Поставщики ,КАЗАХСТАН,ТОО «DOWNTOWN MANAGEMENT»
000000598,"ТОО ""TD EURO Instrum """,TD EURO Instrum  ТОО,ТОО,150340009192,Поставщики ,КАЗАХСТАН,ТОО «DOWNTOWN MANAGEMENT»
000000603,"ТОО ""InterClassKz LTD""",InterClassKz LTD ТОО,ТОО,190240032844,Поставщики ,КАЗАХСТАН,ТОО «DOWNTOWN MANAGEMENT»
000000605,"ТОО ""Office-Expert.kz""",Office-Expert.kz ТОО,ТОО,110840005091,Поставщики ,КАЗАХСТАН,ТОО «DOWNTOWN MANAGEMENT»
000000606,"ТОО ""AG Safety""",AG Safety ТОО,ТОО,181240012345,Поставщики ,КАЗАХСТАН,ТОО «DOWNTOWN MANAGEMENT»
000000608,"ТОО ""Мұнай синтез""",Мұнай синтез ТОО,ТОО,090740007068,Поставщики ,КАЗАХСТАН,ТОО «DOWNTOWN MANAGEMENT»
000000044,ИНСИ-МОСТ ТОО,ИНСИ-МОСТ ТОО,ТОО,010540004527,Поставщики ,КАЗАХСТАН,ТОО «DOWNTOWN MANAGEMENT»
000000045,"Филиал ТОО ""TEK LED"" в городе Астана",Филиал TEK LED в городе Астана ТОО,ТОО,171141018882,Поставщики ,КАЗАХСТАН,ТОО «DOWNTOWN MANAGEMENT»
000000012,SONA lab ТОО,SONA lab ТОО,ТОО,110540008888,Поставщики ,КАЗАХСТАН,ТОО «DOWNTOWN MANAGEMENT»
000000013,"ТОО ""Жұмыс""",Жұмыс ТОО,ТОО,921040000201,Поставщики ,КАЗАХСТАН,ТОО «DOWNTOWN MANAGEMENT»
000000527,Промвилс ТОО ,Промвилс ТОО,ТОО,170340011990,Поставщики ,КАЗАХСТАН,ТОО «DOWNTOWN MANAGEMENT»
000000528,СПЕЦКАЗТРЕЙД ТОО ,СПЕЦКАЗТРЕЙД ТОО,ТОО,180740014029,Поставщики ,КАЗАХСТАН,ТОО «DOWNTOWN MANAGEMENT»
000000529,Центр оборудования НС ТОО ,Центр оборудования НС ТОО,ТОО,200940034088,Поставщики ,КАЗАХСТАН,ТОО «DOWNTOWN MANAGEMENT»
000000531,CST- KazSvyazComplekt ТОО ,CST- KazSvyazComplekt ТОО,ТОО,060240003448,Поставщики ,КАЗАХСТАН,ТОО «DOWNTOWN MANAGEMENT»
000000532,MIR-GAZA ТОО ,MIR-GAZA ТОО,ТОО,200540015156,Поставщики ,КАЗАХСТАН,ТОО «DOWNTOWN MANAGEMENT»
000000534,Семей-НОМАД ТОО  ,Семей-НОМАД ТОО,ТОО,080740011460,Поставщики ,КАЗАХСТАН,ТОО «DOWNTOWN MANAGEMENT»
000000535,Металлстройгрупп - PVL ТОО ,Металлстройгрупп - PVL ТОО,ТОО,210940006926,Поставщики ,КАЗАХСТАН,ТОО «DOWNTOWN MANAGEMENT»
000000536,Evrika Home Comfort ТОО ,Evrika Home Comfort ТОО,ТОО,140540003061,Поставщики ,КАЗАХСТАН,ТОО «DOWNTOWN MANAGEMENT»
000000537,Danwil.kz ТОО ,Danwil.kz ТОО,ТОО,190140038522,Поставщики ,КАЗАХСТАН,ТОО «DOWNTOWN MANAGEMENT»
000000538,АЛПРОФ  ТОО филиал в городе Нур-Султан ,АЛПРОФ филиал в городе Нур-Султан ТОО,ТОО,150341000075,Поставщики ,КАЗАХСТАН,ТОО «DOWNTOWN MANAGEMENT»
000000539,Аксу KZ ТОО ,Аксу KZ ТОО,ТОО,090940009051,Поставщики ,КАЗАХСТАН,ТОО «DOWNTOWN MANAGEMENT»
000000540,CARAVIT  CERAMICS (СЕРАВИТ СЕРАМИКС) ТОО ,CARAVIT CERAMICS (СЕРАВИТ СЕРАМИКС) ТОО,ТОО,030140004556,Поставщики ,КАЗАХСТАН,ТОО «DOWNTOWN MANAGEMENT»
000000542,Nicolas (Николас) ТОО ,Nicolas (Николас) ТОО,ТОО,191140018233,Поставщики ,КАЗАХСТАН,ТОО «DOWNTOWN MANAGEMENT»
000000543,ТОО Росток Астана ,Росток Астана ТОО,ТОО,150340002968,Поставщики ,КАЗАХСТАН,ТОО «DOWNTOWN MANAGEMENT»
000000586,"ТОО ""Таза Жер 2014""",Таза Жер 2014 ТОО,ТОО,140340012696,Поставщики ,КАЗАХСТАН,ТОО «DOWNTOWN MANAGEMENT»
000000588,ТОО ED LOGIC,ED LOGIC ТОО,ТОО,170840023526,Поставщики ,КАЗАХСТАН,ТОО «DOWNTOWN MANAGEMENT»
000000083,ЕВРАЗИЯБИЛД Астана ТОО,ЕВРАЗИЯБИЛД Астана ТОО,ТОО,121240003523,Поставщики ,КАЗАХСТАН,ТОО «DOWNTOWN MANAGEMENT»
000000084,"ТОО ""СТРОПС """,СТРОПС  ТОО,ТОО,090340020368,Поставщики ,КАЗАХСТАН,ТОО «DOWNTOWN MANAGEMENT»
000000085,Азия Стиль ТОО,Азия Стиль ТОО,ТОО,030940000176,Поставщики ,КАЗАХСТАН,ТОО «DOWNTOWN MANAGEMENT»
000000087,Алатау Алем-Арт ТОО,Алатау Алем-Арт ТОО,ТОО,120240003312,Поставщики ,КАЗАХСТАН,ТОО «DOWNTOWN MANAGEMENT»
000000088,YMGroup ТОО,YMGroup ТОО,ТОО,111040016774,Поставщики ,КАЗАХСТАН,ТОО «DOWNTOWN MANAGEMENT»
000000090,Golden-Service NA ТОО,Golden-Service NA ТОО,ТОО,150940007128,Поставщики ,КАЗАХСТАН,ТОО «DOWNTOWN MANAGEMENT»
000000091,MANHATTAN BUSINESS ACADEMY ТОО,MANHATTAN BUSINESS ACADEMY ТОО,ТОО,160440031283,Поставщики ,КАЗАХСТАН,ТОО «DOWNTOWN MANAGEMENT»
000000092,Саксес ТОО,Саксес ТОО,ТОО,970740000382,Поставщики ,КАЗАХСТАН,ТОО «DOWNTOWN MANAGEMENT»
000000096,UCON Tay ТОО,UCON Tay ТОО,ТОО,080240011620,Поставщики ,КАЗАХСТАН,ТОО «DOWNTOWN MANAGEMENT»
000000097,Центр газонных трав ТОО,Центр газонных трав ТОО,ТОО,930840000140,Поставщики ,КАЗАХСТАН,ТОО «DOWNTOWN MANAGEMENT»
000000098,Проф Инструмент ТОО,Проф Инструмент ТОО,ТОО,140640011916,Поставщики ,КАЗАХСТАН,ТОО «DOWNTOWN MANAGEMENT»
000000099,Алейрон ТОО,Алейрон ТОО,ТОО,950340000443,Поставщики ,КАЗАХСТАН,ТОО «DOWNTOWN MANAGEMENT»
000000101,Нац.центр экспертизы РГП на ПХВ,Нац.центр экспертизы РГП на ПХВ,РГП на ПХВ,150741024821,Поставщики ,КАЗАХСТАН,ТОО «DOWNTOWN MANAGEMENT»
000000102,"ТОО ""Rus Yel"" ",Rus Yel ТОО,ТОО,100540001234,Поставщики ,КАЗАХСТАН,ТОО «DOWNTOWN MANAGEMENT»
000000103,СанТехно-В ТОО,СанТехно-В ТОО,ТОО,051240003012,Поставщики ,КАЗАХСТАН,ТОО «DOWNTOWN MANAGEMENT»
000000133," ТОО ""Мечта Маркет""",Мечта Маркет ТОО,ТОО,121040002914,Поставщики ,КАЗАХСТАН,ТОО «DOWNTOWN MANAGEMENT»
000000547,Astana Management Company ( Астана Менеджмент Компани) ТОО ,Astana Management Company ( Астана Менеджмент Компани) ТОО,ТОО,130840014262,Поставщики ,КАЗАХСТАН,ТОО «DOWNTOWN MANAGEMENT»
000000548,VIAR-COMPANY TOO,VIAR-COMPANY TOO,TOO,050540008418,Поставщики ,КАЗАХСТАН,ТОО «DOWNTOWN MANAGEMENT»
000000549,Energy Servis Center ТОО ,Energy Servis Center ТОО,ТОО,200940001140,Поставщики ,КАЗАХСТАН,ТОО «DOWNTOWN MANAGEMENT»
000000550,"ТОО ""Signimpress""",Signimpress ТОО,ТОО,060840010531,Поставщики ,КАЗАХСТАН,ТОО «DOWNTOWN MANAGEMENT»
000000551,"ТОО ""WELDING COMPANY""",WELDING COMPANY ТОО,ТОО,070940026088,Поставщики ,КАЗАХСТАН,ТОО «DOWNTOWN MANAGEMENT»
000000552,"ТОО ""Ecolmebel""",Ecolmebel ТОО,ТОО,140640012151,Поставщики ,КАЗАХСТАН,ТОО «DOWNTOWN MANAGEMENT»
000000553,"ТОО ""Прокитчен""",Прокитчен ТОО,ТОО,200240011102,Поставщики ,КАЗАХСТАН,ТОО «DOWNTOWN MANAGEMENT»
000000556,"ТОО ""ADVpoint""",ADVpoint ТОО,ТОО,211140003935,Поставщики ,КАЗАХСТАН,ТОО «DOWNTOWN MANAGEMENT»
000000557,"ТОО ""KazMetizGroup""",KazMetizGroup ТОО,ТОО,210940010409,Поставщики ,КАЗАХСТАН,ТОО «DOWNTOWN MANAGEMENT»
000000131,ITGS ТОО ,ITGS ТОО,ТОО,160140012464,Поставщики ,КАЗАХСТАН,ТОО «DOWNTOWN MANAGEMENT»
000000024,IC СЕВЕР ТОО (StaRT 7+1),IC СЕВЕР (StaRT 7+1) ТОО,ТОО,150240015768,Поставщики ,КАЗАХСТАН,ТОО «DOWNTOWN MANAGEMENT»
000000448,"ТОО  ""КАЗАХСТАН - Мед Дез""",КАЗАХСТАН - Мед Дез ТОО,ТОО,050140005578,Поставщики ,КАЗАХСТАН,ТОО «DOWNTOWN MANAGEMENT»
000000450,АСТ-ТЕХНОСЕРВИС ТОО ,АСТ-ТЕХНОСЕРВИС ТОО,ТОО,030540004293,Поставщики ,КАЗАХСТАН,ТОО «DOWNTOWN MANAGEMENT»
000000451,IClimat ТОО ,IClimat ТОО,ТОО,150740006539,Поставщики ,КАЗАХСТАН,ТОО «DOWNTOWN MANAGEMENT»
000000452,Жеті Аспан ТОО ,Жеті Аспан ТОО,ТОО,100840010829,Поставщики ,КАЗАХСТАН,ТОО «DOWNTOWN MANAGEMENT»
000000455,Филиал ТОО ХозОптТорг,Филиал ХозОптТорг ТОО,ТОО,101241013027,Поставщики ,КАЗАХСТАН,ТОО «DOWNTOWN MANAGEMENT»
000000456,ТОО Service RC ,Service RC ТОО,ТОО,191040026270,Поставщики ,КАЗАХСТАН,ТОО «DOWNTOWN MANAGEMENT»
000000458,"ТОО ""Квартет""",Квартет ТОО,ТОО,130540014737,Поставщики ,КАЗАХСТАН,ТОО «DOWNTOWN MANAGEMENT»
000000459,Qazpolymer ТОО,Qazpolymer ТОО,ТОО,180140012100,Поставщики ,КАЗАХСТАН,ТОО «DOWNTOWN MANAGEMENT»
000000462,Comfort-Astana ТОО ,Comfort-Astana ТОО,ТОО,160940030858,Поставщики ,КАЗАХСТАН,ТОО «DOWNTOWN MANAGEMENT»
000000463,ТОО Лукаш ,Лукаш ТОО,ТОО,110740001085,Поставщики ,КАЗАХСТАН,ТОО «DOWNTOWN MANAGEMENT»
000000466,ОФИС ДОМ.KZ (ОФИС ДОМ.кз) ТОО ,ОФИС ДОМ.KZ (ОФИС ДОМ.кз) ТОО,ТОО,050640002462,Поставщики ,КАЗАХСТАН,ТОО «DOWNTOWN MANAGEMENT»
000000467,Тритон М ТОО ,Тритон М ТОО,ТОО,110440014214,Поставщики ,КАЗАХСТАН,ТОО «DOWNTOWN MANAGEMENT»
000000468,"ТОО ""Жігер Инжиниринг""",Жігер Инжиниринг ТОО,ТОО,161240017273,Поставщики ,КАЗАХСТАН,ТОО «DOWNTOWN MANAGEMENT»
000000469,"Филиал ТОО ""Тритон М№ в г.Нур-Султан ",Филиал Тритон М№ в г.Нур-Султан ТОО,ТОО,150341026544,Поставщики ,КАЗАХСТАН,ТОО «DOWNTOWN MANAGEMENT»
000000470,"ТОО ""МузZone Астана""",МузZone Астана ТОО,ТОО,081140001167,Поставщики ,КАЗАХСТАН,ТОО «DOWNTOWN MANAGEMENT»
000000471,Компания Lucky Stone ТОО ,Компания Lucky Stone ТОО,ТОО,770912402327,Поставщики ,КАЗАХСТАН,ТОО «DOWNTOWN MANAGEMENT»
000000472,Asset-Asia ТОО,Asset-Asia ТОО,ТОО,180940000443,Поставщики ,КАЗАХСТАН,ТОО «DOWNTOWN MANAGEMENT»
000000473,"ТОО ""МегаКлимат""",МегаКлимат ТОО,ТОО,100940014578,Поставщики ,КАЗАХСТАН,ТОО «DOWNTOWN MANAGEMENT»
000000474,"ТОО  ""Green Which Kokshetau""",Green Which Kokshetau ТОО,ТОО,170540002017,Поставщики ,КАЗАХСТАН,ТОО «DOWNTOWN MANAGEMENT»
000000476,"Столичная Стеклопакетная Компания ""ТОО",Столичная Стеклопакетная Компания  ТОО,ТОО,060340013270,Поставщики ,КАЗАХСТАН,ТОО «DOWNTOWN MANAGEMENT»
000000477,"""AK NIET GROUP"" филиал ТОО в г. Нур-Султан ",AK NIET GROUP филиал в г. Нур-Султан ТОО,ТОО,080841000761,Поставщики ,КАЗАХСТАН,ТОО «DOWNTOWN MANAGEMENT»
000000478,ПремиумСтройСнаб ТОО ,ПремиумСтройСнаб ТОО,ТОО,201140016023,Поставщики ,КАЗАХСТАН,ТОО «DOWNTOWN MANAGEMENT»
000000479,КАЛИБР ТОО ,КАЛИБР ТОО,ТОО,170240025451,Поставщики ,КАЗАХСТАН,ТОО «DOWNTOWN MANAGEMENT»
000000487,ХозОптТорг ТОО ,ХозОптТорг ТОО,ТОО,061140011283,Поставщики ,КАЗАХСТАН,ТОО «DOWNTOWN MANAGEMENT»
000000488,Полиграфсервис ТОО ,Полиграфсервис ТОО,ТОО,990240001782,Поставщики ,КАЗАХСТАН,ТОО «DOWNTOWN MANAGEMENT»
000000490,MONICO ТОО ,MONICO ТОО,ТОО,090940018487,Поставщики ,КАЗАХСТАН,ТОО «DOWNTOWN MANAGEMENT»
000000493,Трапеза -Казахстан ТОО ,Трапеза-Казахстан ТОО,ТОО,131140010227,Поставщики ,КАЗАХСТАН,ТОО «DOWNTOWN MANAGEMENT»
000000494,NKB Group Service ТОО,NKB Group Service ТОО,ТОО,100740013876,Поставщики ,КАЗАХСТАН,ТОО «DOWNTOWN MANAGEMENT»
000000496,BalQaragai Country Club ТОО,BalQaragai Country Club ТОО,ТОО,150540011607,Поставщики ,КАЗАХСТАН,ТОО «DOWNTOWN MANAGEMENT»
000000498,Two partners ТОО ,Two partners ТОО,ТОО,191040029007,Поставщики ,КАЗАХСТАН,ТОО «DOWNTOWN MANAGEMENT»
000000499,Caspian Trans Company (Каспиан Транс Компани) ТОО ,Caspian Trans Company (Каспиан Транс Компани) ТОО,ТОО,130140005812,Поставщики ,КАЗАХСТАН,ТОО «DOWNTOWN MANAGEMENT»
000000501,"ТОО ""JSD.KZ""",JSD.KZ ТОО,ТОО,131240021147,Поставщики ,КАЗАХСТАН,ТОО «DOWNTOWN MANAGEMENT»
000000503,"ТОО ""PLAZA CONSTRUCTION""",PLAZA CONSTRUCTION ТОО,ТОО,170640016119,Поставщики ,КАЗАХСТАН,ТОО «DOWNTOWN MANAGEMENT»
000000506,"ТОО ""DeltaChip""",DeltaChip ТОО,ТОО,180440001384,Поставщики ,КАЗАХСТАН,ТОО «DOWNTOWN MANAGEMENT»
000000507,"Адал 2010""ТОО",Адал 2010 ТОО,ТОО,091240000283,Поставщики ,КАЗАХСТАН,ТОО «DOWNTOWN MANAGEMENT»
000000508,"ТОО ""Georges St-Pierre""",Georges St-Pierre ТОО,ТОО,210840020393,Поставщики ,КАЗАХСТАН,ТОО «DOWNTOWN MANAGEMENT»
000000509,Гостиница Достык ТОО ,Гостиница Достык ТОО,ТОО,941140000398,Поставщики ,КАЗАХСТАН,ТОО «DOWNTOWN MANAGEMENT»
000000511,"ТОО ""Центр правильного сна""",Центр правильного сна ТОО,ТОО,101040013212,Поставщики ,КАЗАХСТАН,ТОО «DOWNTOWN MANAGEMENT»
000000512,Минметалс Казахстан ТОО ,Минметалс Казахстан ТОО,ТОО,010640000250,Поставщики ,КАЗАХСТАН,ТОО «DOWNTOWN MANAGEMENT»
000000513,"Tоварищество с ограниченной ответственностью ""Hydroscand"" (Гидросканд)",Hydroscand (Гидросканд) ТОО,ТОО,120440021655,Поставщики ,КАЗАХСТАН,ТОО «DOWNTOWN MANAGEMENT»
000000514,"Торговый дом ""ТеплоСнаб"" ТОО ",Торговый дом ТеплоСнаб ТОО,ТОО,160440000312,Поставщики ,КАЗАХСТАН,ТОО «DOWNTOWN MANAGEMENT»
000000515,Компания Ас-Ай ЛТД ТОО ,Компания Ас-Ай ЛТД ТОО,ТОО,020940000243,Поставщики ,КАЗАХСТАН,ТОО «DOWNTOWN MANAGEMENT»
000000518,"ТОО ""LuxCommerce""",LuxCommerce ТОО,ТОО,130240013589,Поставщики ,КАЗАХСТАН,ТОО «DOWNTOWN MANAGEMENT»
000000520,"ТОО ""NOF CATERING""",NOF CATERING ТОО,ТОО,180740015751,Поставщики ,КАЗАХСТАН,ТОО «DOWNTOWN MANAGEMENT»
000000047,ТОО «HP GROUP» ,HP GROUP ТОО,ТОО,180840026881,Поставщики ,КАЗАХСТАН,ТОО «DOWNTOWN MANAGEMENT»
000000049,Аlpack tech ТОО,Аlpack tech ТОО,ТОО,140940024845,Поставщики ,КАЗАХСТАН,ТОО «DOWNTOWN MANAGEMENT»
000000128,КУРАЛ-АСТАНА ТОО,КУРАЛ-АСТАНА ТОО,ТОО,030740004270,Поставщики ,КАЗАХСТАН,ТОО «DOWNTOWN MANAGEMENT»
000000129,Аверсгрупп kz ТОО,Аверсгрупп kz ТОО,ТОО,100440006152,Поставщики ,КАЗАХСТАН,ТОО «DOWNTOWN MANAGEMENT»
000000130,ФАРОС Графикс ТОО,ФАРОС Графикс ТОО,ТОО,021240005658,Поставщики ,КАЗАХСТАН,ТОО «DOWNTOWN MANAGEMENT»
000000581,Donatello ТОО ,Donatello ТОО,ТОО,160340001525,Поставщики ,КАЗАХСТАН,ТОО «DOWNTOWN MANAGEMENT»
000000582,Мунай - Integration ТОО ,Мунай - Integration ТОО,ТОО,971140001460,Поставщики ,КАЗАХСТАН,ТОО «DOWNTOWN MANAGEMENT»
000000583,"ТОО ""Eco Friend""",Eco Friend ТОО,ТОО,180240015288,Поставщики ,КАЗАХСТАН,ТОО «DOWNTOWN MANAGEMENT»
000000584,"ТОО ""Probarista.kz""",Probarista.kz ТОО,ТОО,171040033874,Поставщики ,КАЗАХСТАН,ТОО «DOWNTOWN MANAGEMENT»
000000585,Цептер ИнтернешнлABC  Desing ТОО,Цептер ИнтернешнлABC Desing ТОО,ТОО,950740001426,Поставщики ,КАЗАХСТАН,ТОО «DOWNTOWN MANAGEMENT»
000000123,PetroPlast Company ТОО ,PetroPlast Company ТОО,ТОО,170740006344,Поставщики ,КАЗАХСТАН,ТОО «DOWNTOWN MANAGEMENT»
000000124,Шанс -2050 ТОО ,Шанс -2050 ТОО,ТОО,160540016461,Поставщики ,КАЗАХСТАН,ТОО «DOWNTOWN MANAGEMENT»
000000050,Жасампаз болашак ТОО,Жасампаз болашак ТОО,ТОО,170840016355,Поставщики ,КАЗАХСТАН,ТОО «DOWNTOWN MANAGEMENT»
000000051,Центр Технического Обслуживания ТОО,Центр Технического Обслуживания ТОО,ТОО,080740005555,Поставщики ,КАЗАХСТАН,ТОО «DOWNTOWN MANAGEMENT»
000000052,ТОО «КазСнабСервис-Астана» ,КазСнабСервис-Астана ТОО,ТОО,071040003801,Поставщики ,КАЗАХСТАН,ТОО «DOWNTOWN MANAGEMENT»
000000147,"ТОО ""Кэпитал Тауэр Девелопмент"", г. Алматы","Кэпитал Тауэр Девелопмент, г. Алматы ТОО",ТОО,040840001648,Поставщики ,КАЗАХСТАН,ТОО «DOWNTOWN MANAGEMENT»
000000148,"ТОО ""ABT & E-trans Forwarding company""",ABT & E-trans Forwarding company ТОО,ТОО,080940004811,Поставщики ,КАЗАХСТАН,ТОО «DOWNTOWN MANAGEMENT»
000000149,"АО ""Technodom Operator""(Технодом Оператор)",Technodom Operator(Технодом Оператор) АО,АО,121140008045,Поставщики ,КАЗАХСТАН,ТОО «DOWNTOWN MANAGEMENT»
000000150,"Филиал ТОО ""Берег"" г. Астана",Филиал Берег г. Астана ТОО,ТОО,980641002848,Поставщики ,КАЗАХСТАН,ТОО «DOWNTOWN MANAGEMENT»
000000153,"ТОО ""ТД СтройСевер""",ТД СтройСевер ТОО,ТОО,170840026927,Поставщики ,КАЗАХСТАН,ТОО «DOWNTOWN MANAGEMENT»
000000154,"ТОО ""Сател""",Сател ТОО,ТОО,000340007700,Поставщики ,КАЗАХСТАН,ТОО «DOWNTOWN MANAGEMENT»
000000156,"ТОО ""CAPITAL APPRAISERS GROUP""",CAPITAL APPRAISERS GROUP ТОО,ТОО,161140017262,Поставщики ,КАЗАХСТАН,ТОО «DOWNTOWN MANAGEMENT»
000000157,"АО ""Казахско-Австроийское Совместное предприятие ""Рахат""",Казахско-Австроийское Совместное предприятие Рахат АО,АО,920640000805,Поставщики ,КАЗАХСТАН,ТОО «DOWNTOWN MANAGEMENT»
000000021,ТОО «Компания системных бизнес технологий»,Компания системных бизнес технологий ТОО,ТОО,130140009766,Поставщики ,КАЗАХСТАН,ТОО «DOWNTOWN MANAGEMENT»
000000261,Стрегис Инвестментс Лимитед Казахстан в г. Алматы  ТОО ,Стрегис Инвестментс Лимитед Казахстан в г. Алматы ТОО,ТОО,990140001878,Поставщики ,КАЗАХСТАН,ТОО «DOWNTOWN MANAGEMENT»
000000263,STI company ТОО ,STI company ТОО,ТОО,131140008235,Поставщики ,КАЗАХСТАН,ТОО «DOWNTOWN MANAGEMENT»
000000264,Компания Senator KZ ТОО,Компания Senator KZ ТОО,ТОО,110840005537,Поставщики ,КАЗАХСТАН,ТОО «DOWNTOWN MANAGEMENT»
000000266,Алимжана Мебельная Компания ТОО,Алимжана Мебельная Компания ТОО,ТОО,190940022357,Поставщики ,КАЗАХСТАН,ТОО «DOWNTOWN MANAGEMENT»
000000267,Specially Supply Company ТОО,Specially Supply Company ТОО,ТОО,110140014045,Поставщики ,КАЗАХСТАН,ТОО «DOWNTOWN MANAGEMENT»
000000268,"Филиал ТОО ""Торговый Дом ""ЭЛЕКТРОКОМПЛЕКТ"" в городе Нур-Султан",Филиал Торговый Дом ЭЛЕКТРОКОМПЛЕКТ в городе Нур-Султан ТОО,ТОО,200141015177,Поставщики ,КАЗАХСТАН,ТОО «DOWNTOWN MANAGEMENT»
000000271,Тубу ТОО ,Тубу ТОО,ТОО,190740032436,Поставщики ,КАЗАХСТАН,ТОО «DOWNTOWN MANAGEMENT»
000000383,"АО Фонд развития предпринимательства "" Даму"" ",Фонд развития предпринимательства  Даму АО,АО,970840000277,Поставщики ,КАЗАХСТАН,ТОО «DOWNTOWN MANAGEMENT»
000000385,"ТОО ""ПОЛ БЕРРИ""",ПОЛ БЕРРИ ТОО,ТОО,161140007351,Поставщики ,КАЗАХСТАН,ТОО «DOWNTOWN MANAGEMENT»
000000386,"ТОО ""Elorda Management Group""",Elorda Management Group ТОО,ТОО,161140013366,Поставщики ,КАЗАХСТАН,ТОО «DOWNTOWN MANAGEMENT»
000000389,"ТОО""HYDRONICS""",ТООHYDRONICS,ТОО,170540008660,Поставщики ,КАЗАХСТАН,ТОО «DOWNTOWN MANAGEMENT»
000000391," ТОО ""ГринПак""",ГринПак ТОО,ТОО,160540020836,Поставщики ,КАЗАХСТАН,ТОО «DOWNTOWN MANAGEMENT»
000000392,"ТОО ""Инвистиционный холдинг КазНедра""",Инвистиционный холдинг КазНедра ТОО,ТОО,120740005931,Поставщики ,КАЗАХСТАН,ТОО «DOWNTOWN MANAGEMENT»
000000393,ТОО Inside Art ,Inside Art ТОО,ТОО,140440005210,Поставщики ,КАЗАХСТАН,ТОО «DOWNTOWN MANAGEMENT»
000000396,"ТОО ""Barlau Global Distribution""",Barlau Global Distribution ТОО,ТОО,170240018459,Поставщики ,КАЗАХСТАН,ТОО «DOWNTOWN MANAGEMENT»
000000398,ТД Сфера -энергии ТОО ,ТД Сфера -энергии ТОО,ТОО,120340010765,Поставщики ,КАЗАХСТАН,ТОО «DOWNTOWN MANAGEMENT»
000000400,Jet Logistic ТОО ,Jet Logistic ТОО,ТОО,071140015363,Поставщики ,КАЗАХСТАН,ТОО «DOWNTOWN MANAGEMENT»
000000401,"ТОО ""D-tail""",D-tail ТОО,ТОО,200540006563,Поставщики ,КАЗАХСТАН,ТОО «DOWNTOWN MANAGEMENT»
000000403,ОТВЕРТКА.KZ ТОО ,ОТВЕРТКА.KZ ТОО,ТОО,140940018508,Поставщики ,КАЗАХСТАН,ТОО «DOWNTOWN MANAGEMENT»
000000407,"InterStarCompany""ТОО",InterStarCompany ТОО,ТОО,160340013192,Поставщики ,КАЗАХСТАН,ТОО «DOWNTOWN MANAGEMENT»
000000408,Евростиль Company ТОО ,Евростиль Company ТОО,ТОО,170340001557,Поставщики ,КАЗАХСТАН,ТОО «DOWNTOWN MANAGEMENT»
000000409,Avis logistics ТОО ,Avis logistics ТОО,ТОО,060140017593,Поставщики ,КАЗАХСТАН,ТОО «DOWNTOWN MANAGEMENT»
000000410,Касымов Мухтар Контарбаевич ИП ,Касымов Мухтар Контарбаевич ИП,ИП,571014301123,Поставщики ,КАЗАХСТАН,ТОО «DOWNTOWN MANAGEMENT»
000000411,ЛесТоргСтрой ТОО ,ЛесТоргСтрой ТОО,ТОО,180240013083,Поставщики ,КАЗАХСТАН,ТОО «DOWNTOWN MANAGEMENT»
000000412,KZ-Stroy Expo 2017 ТОО,KZ-Stroy Expo 2017 ТОО,ТОО,140840011517,Поставщики ,КАЗАХСТАН,ТОО «DOWNTOWN MANAGEMENT»
000000135,"ТОО ""Мамут""",Мамут ТОО,ТОО,140840023661,Поставщики ,КАЗАХСТАН,ТОО «DOWNTOWN MANAGEMENT»
000000138,"ТОО ""SD Uniforms""",SD Uniforms ТОО,ТОО,150440013312,Поставщики ,КАЗАХСТАН,ТОО «DOWNTOWN MANAGEMENT»
000000140,"ТОО ""Спец ТреидТМ""",Спец ТреидТМ ТОО,ТОО,130540005113,Поставщики ,КАЗАХСТАН,ТОО «DOWNTOWN MANAGEMENT»
000000141,Филиал ТОО Проектная Академия KAZGOR г.Астана ,Филиал Проектная Академия KAZGOR г.Астана ТОО,ТОО,990841004863,Поставщики ,КАЗАХСТАН,ТОО «DOWNTOWN MANAGEMENT»
000000142,"ТОО ""FERROOM "" Представительство в г.Астана ",FERROOM  Представительство в г.Астана ТОО,ТОО,181142011334,Поставщики ,КАЗАХСТАН,ТОО «DOWNTOWN MANAGEMENT»
000000143,"ТОО ""Марқатай""",Марқатай ТОО,ТОО,060540007530,Поставщики ,КАЗАХСТАН,ТОО «DOWNTOWN MANAGEMENT»
000000144,"ТОО ""Мобайл Телеком-Сервис""",Мобайл Телеком-Сервис ТОО,ТОО,041140004799,Поставщики ,КАЗАХСТАН,ТОО «DOWNTOWN MANAGEMENT»
000000145,"ТОО ""АльянсКоммерцМетиз""",АльянсКоммерцМетиз ТОО,ТОО,130340010886,Поставщики ,КАЗАХСТАН,ТОО «DOWNTOWN MANAGEMENT»
000000146,"Филиал ТОО ""Компания Шин Line""",Филиал Компания Шин Line ТОО,ТОО,150641007132,Поставщики ,КАЗАХСТАН,ТОО «DOWNTOWN MANAGEMENT»
000000030,ТОО «Clean City NC» ,Clean City NC ТОО,ТОО,170240019020,Поставщики ,КАЗАХСТАН,ТОО «DOWNTOWN MANAGEMENT»
000000357,360 Professional Ltd ТОО ,360 Professional Ltd ТОО,ТОО,110440013404,Поставщики ,КАЗАХСТАН,ТОО «DOWNTOWN MANAGEMENT»
000000361,Светотехника-Астана ТОО ,Светотехника-Астана ТОО,ТОО,101040006140,Поставщики ,КАЗАХСТАН,ТОО «DOWNTOWN MANAGEMENT»
000000104,"ТОО ""FLIP.KZ""",FLIP.KZ ТОО,ТОО,080940002994,Поставщики ,КАЗАХСТАН,ТОО «DOWNTOWN MANAGEMENT»
000000107,ТОО Ак-Ди Энергоэкспертиза,Ак-Ди Энергоэкспертиза ТОО,ТОО,080840018441,Поставщики ,КАЗАХСТАН,ТОО «DOWNTOWN MANAGEMENT»
000000108,Товарищество с Ограниченной Ответственостью  ЭнергоКомпани- ПВ ,Товарищество с Ограниченной Ответственостью ЭнергоКомпани- ПВ,ТОО,090440019764,Поставщики ,КАЗАХСТАН,ТОО «DOWNTOWN MANAGEMENT»
000000110,ПожТехАстана ТОО ,ПожТехАстана ТОО,ТОО,150140017512,Поставщики ,КАЗАХСТАН,ТОО «DOWNTOWN MANAGEMENT»
000000112,ТОО KERAMAX GROUP (Керамакс Групп),KERAMAX GROUP (Керамакс Групп) ТОО,ТОО,161140019652,Поставщики ,КАЗАХСТАН,ТОО «DOWNTOWN MANAGEMENT»
000000113,ТОО Метмаркет,Метмаркет ТОО,ТОО,180240004847,Поставщики ,КАЗАХСТАН,ТОО «DOWNTOWN MANAGEMENT»
000000055,Expoprint ТОО,Expoprint ТОО,ТОО,160140022263,Поставщики ,КАЗАХСТАН,ТОО «DOWNTOWN MANAGEMENT»
000000057,"ТОО ""LARGO ""(Ларго)",LARGO (Ларго) ТОО,ТОО,150940011215,Поставщики ,КАЗАХСТАН,ТОО «DOWNTOWN MANAGEMENT»
000000059,GGM Astana ТОО,GGM Astana ТОО,ТОО,180240036627,Поставщики ,КАЗАХСТАН,ТОО «DOWNTOWN MANAGEMENT»
000000060,Яндекс.Казахстан ТОО ,Яндекс.Казахстан ТОО,ТОО,170240015454,Поставщики ,КАЗАХСТАН,ТОО «DOWNTOWN MANAGEMENT»
000000031,DORSERVICE ТОО,DORSERVICE ТОО,ТОО,171140033937,Поставщики ,КАЗАХСТАН,ТОО «DOWNTOWN MANAGEMENT»
000000035,"ТОО ""Оазис -Астана""",Оазис -Астана ТОО,ТОО,120840006498,Поставщики ,КАЗАХСТАН,ТОО «DOWNTOWN MANAGEMENT»
000000559,"Филиал в городе Алматы АО ""ФАЙН ОТЕЛЬ ТУРИЗМ ИШЛЕТМЕДЖИЛИК""",Филиал в городе Алматы ФАЙН ОТЕЛЬ ТУРИЗМ ИШЛЕТМЕДЖИЛИК АО,АО,050641007508,Поставщики ,КАЗАХСТАН,ТОО «DOWNTOWN MANAGEMENT»
000000560,"ТОО  ""ВикРос""",ВикРос ТОО,ТОО,181140032990,Поставщики ,КАЗАХСТАН,ТОО «DOWNTOWN MANAGEMENT»
000000561,Hospitality Management Group ТОО ,Hospitality Management Group ТОО,ТОО,190740011235,Поставщики ,КАЗАХСТАН,ТОО «DOWNTOWN MANAGEMENT»
000000562,SUNPAPER ТОО,SUNPAPER ТОО,ТОО,090340015242,Поставщики ,КАЗАХСТАН,ТОО «DOWNTOWN MANAGEMENT»
000000563,"ТОО ""Nice paper""",Nice paper ТОО,ТОО,020340004254,Поставщики ,КАЗАХСТАН,ТОО «DOWNTOWN MANAGEMENT»
000000564,KAZTENT ASTANA ТОО ,KAZTENT ASTANA ТОО,ТОО,890707450733,Поставщики ,КАЗАХСТАН,ТОО «DOWNTOWN MANAGEMENT»
000000565,Bau Engineering ТОО ,Bau Engineering ТОО,ТОО,170940009227,Поставщики ,КАЗАХСТАН,ТОО «DOWNTOWN MANAGEMENT»
000000566,"ТОО ""ASBC KAZAKHSTAN""",ASBC KAZAKHSTAN ТОО,ТОО,180440011718,Поставщики ,КАЗАХСТАН,ТОО «DOWNTOWN MANAGEMENT»
000000567,Спортмастер Казахстан ТОО ,Спортмастер Казахстан ТОО,ТОО,110440015004,Поставщики ,КАЗАХСТАН,ТОО «DOWNTOWN MANAGEMENT»
000000570,"ТОО ""GID Engineering""",GID Engineering ТОО,ТОО,200540008301,Поставщики ,КАЗАХСТАН,ТОО «DOWNTOWN MANAGEMENT»
000000572,"ТОО ""Компания Hoster.KZ""",Компания Hoster.KZ ТОО,ТОО,070440006808,Поставщики ,КАЗАХСТАН,ТОО «DOWNTOWN MANAGEMENT»
000000573,"ТОО ""Техномарт """,Техномарт  ТОО,ТОО,161240013904,Поставщики ,КАЗАХСТАН,ТОО «DOWNTOWN MANAGEMENT»
000000574,"ТОО ""Goldan Service Group"" ",Goldan Service Group ТОО,ТОО,190940003320,Поставщики ,КАЗАХСТАН,ТОО «DOWNTOWN MANAGEMENT»
000000575,"ТОО ""OILBT.KZ""",OILBT.KZ ТОО,ТОО,211040027106,Поставщики ,КАЗАХСТАН,ТОО «DOWNTOWN MANAGEMENT»
000000576,Eurasia Motor Premium ТОО ,Eurasia Motor Premium ТОО,ТОО,120640012118,Поставщики ,КАЗАХСТАН,ТОО «DOWNTOWN MANAGEMENT»
000000577,"ТОО ""Экспо Строй Астана""",Экспо Строй Астана ТОО,ТОО,150240030632,Поставщики ,КАЗАХСТАН,ТОО «DOWNTOWN MANAGEMENT»
000000579,"ТОО ""Гелос НТ""",Гелос НТ ТОО,ТОО,070240018983,Поставщики ,КАЗАХСТАН,ТОО «DOWNTOWN MANAGEMENT»
000000117,АО «Кселл»,Кселл АО,АО,980540002879,Поставщики ,КАЗАХСТАН,ТОО «DOWNTOWN MANAGEMENT»
000000121,KazTransCom АО,KazTransCom АО,АО,960340000405,Поставщики ,КАЗАХСТАН,ТОО «DOWNTOWN MANAGEMENT»
000000122,"ГКПнаПХВ ""Астана су арнасы"" акимата города Нур-Султан",ГКП на ПХВ Астана су арнасы акимата города Нур-Султан,ГКП на ПХВ,000940002622,Поставщики ,КАЗАХСТАН,ТОО «DOWNTOWN MANAGEMENT»
000000037,ТОО  «ТОО HEADHUNTER.KZ (ХЕДХАНТЕР.КЕЙЗЕТ)» ,HEADHUNTER.KZ (ХЕДХАНТЕР.КЕЙЗЕТ) ТОО,ТОО,080140008637,Поставщики ,КАЗАХСТАН,ТОО «DOWNTOWN MANAGEMENT»
000000042,ТОО In Oil LTD KZ (Ин Оил ЛТД КЗ) ТОО,In Oil LTD KZ (Ин Оил ЛТД КЗ) ТОО,ТОО,040840001241,Поставщики ,КАЗАХСТАН,ТОО «DOWNTOWN MANAGEMENT»
000000043,Компания ОАЗИС Астана ИП Даренский Сергей Владимир,Компания ОАЗИС Астана ИП Даренский Сергей Владимир,ИП,670114300276,Поставщики ,КАЗАХСТАН,ТОО «DOWNTOWN MANAGEMENT»
000000041,ТОО  «Аршалы KZ» ,Аршалы KZ ТОО,ТОО,150240006114,Поставщики ,КАЗАХСТАН,ТОО «DOWNTOWN MANAGEMENT»
000000591,RED STORE ТОО ,RED STORE ТОО,ТОО,211040029797,Поставщики ,КАЗАХСТАН,ТОО «DOWNTOWN MANAGEMENT»
000000593,"ТОО ""T&Y group""",T&Y group ТОО,ТОО,170540021648,Поставщики ,КАЗАХСТАН,ТОО «DOWNTOWN MANAGEMENT»
000000595,"ТОО ""TMB Group """,TMB Group  ТОО,ТОО,180340008457,Поставщики ,КАЗАХСТАН,ТОО «DOWNTOWN MANAGEMENT»
000000165,"ТОО ""Turion Investment Group"" (Турион Инвесмтмент Груп)",Turion Investment Group (Турион Инвесмтмент Груп) ТОО,ТОО,130440029226,Поставщики ,КАЗАХСТАН,ТОО «DOWNTOWN MANAGEMENT»
000000166,ABC  Desing ТОО,ABC Desing ТОО,ТОО,130940022455,Поставщики ,КАЗАХСТАН,ТОО «DOWNTOWN MANAGEMENT»
000000167,"ТОО ""Аксиома А""",Аксиома А ТОО,ТОО,141240024400,Поставщики ,КАЗАХСТАН,ТОО «DOWNTOWN MANAGEMENT»
000000168,"ТОО ""КОФЕ ОНЛАЙН""",КОФЕ ОНЛАЙН ТОО,ТОО,160940028757,Поставщики ,КАЗАХСТАН,ТОО «DOWNTOWN MANAGEMENT»
000000169,"ТОО ""ОЙЛ""",ОЙЛ ТОО,ТОО,960640000029,Поставщики ,КАЗАХСТАН,ТОО «DOWNTOWN MANAGEMENT»
000000170,"ТОО ""Хадиша Отель""",Хадиша Отель ТОО,ТОО,070240012954,Поставщики ,КАЗАХСТАН,ТОО «DOWNTOWN MANAGEMENT»
000000171,"ТОО ""Автогаз Трэйд""",Автогаз Трэйд ТОО,ТОО,141140004759,Поставщики ,КАЗАХСТАН,ТОО «DOWNTOWN MANAGEMENT»
000000175,"ТОО ""Роял Дизайн Груп""",Роял Дизайн Груп ТОО,ТОО,171040013384,Поставщики ,КАЗАХСТАН,ТОО «DOWNTOWN MANAGEMENT»
000000176,Лифт Транс Сервис Астана ТОО ,Лифт Транс Сервис Астана ТОО,ТОО,150640013325,Поставщики ,КАЗАХСТАН,ТОО «DOWNTOWN MANAGEMENT»
000000178,"ТОО  ""МедДез KZ""",МедДез KZ ТОО,ТОО,110240023444,Поставщики ,КАЗАХСТАН,ТОО «DOWNTOWN MANAGEMENT»
000000184,"ТОО ""BBS TRADE""",BBS TRADE ТОО,ТОО,140440025582,Поставщики ,КАЗАХСТАН,ТОО «DOWNTOWN MANAGEMENT»
000000185,ТОО «VI Trade» ,VI Trade ТОО,ТОО,180140010322,Поставщики ,КАЗАХСТАН,ТОО «DOWNTOWN MANAGEMENT»
000000187,"ТОО ""Дария -2012""",Дария -2012 ТОО,ТОО,111240016563,Поставщики ,КАЗАХСТАН,ТОО «DOWNTOWN MANAGEMENT»
000000188,"ТОО ""SANTEHPLAST""",SANTEHPLAST ТОО,ТОО,121240009939,Поставщики ,КАЗАХСТАН,ТОО «DOWNTOWN MANAGEMENT»
000000189,"ТОО ""Каз-флор Астана""",Каз-флор Астана ТОО,ТОО,040740001129,Поставщики ,КАЗАХСТАН,ТОО «DOWNTOWN MANAGEMENT»
000000193,"ТОО ""REMBRAND DESIGN STUDIO""",REMBRAND DESIGN STUDIO ТОО,ТОО,190440022913,Поставщики ,КАЗАХСТАН,ТОО «DOWNTOWN MANAGEMENT»
000000194,"ТОО ""Астана Гүлдерi""",Астана Гүлдерi ТОО,ТОО,101040005717,Поставщики ,КАЗАХСТАН,ТОО «DOWNTOWN MANAGEMENT»
000000197,"ТОО ""ASTANA DMA COMPANY""",ASTANA DMA COMPANY ТОО,ТОО,181240024923,Поставщики ,КАЗАХСТАН,ТОО «DOWNTOWN MANAGEMENT»
000000199,"ТОО ""Аксу-Проект"" ",Аксу-Проект ТОО,ТОО,151140011308,Поставщики ,КАЗАХСТАН,ТОО «DOWNTOWN MANAGEMENT»
000000200,ТОО IceTechProjects ,IceTechProjects ТОО,ТОО,171040036561,Поставщики ,КАЗАХСТАН,ТОО «DOWNTOWN MANAGEMENT»
000000202,"ТОО ""Лит Групп"" ",Лит Групп ТОО,ТОО,170140021257,Поставщики ,КАЗАХСТАН,ТОО «DOWNTOWN MANAGEMENT»
000000203,"ТОО ""InFitness"" ",InFitness ТОО,ТОО,071140005495,Поставщики ,КАЗАХСТАН,ТОО «DOWNTOWN MANAGEMENT»
000000204,"ТОО ""ПрофКомпани""",ПрофКомпани ТОО,ТОО,180740026142,Поставщики ,КАЗАХСТАН,ТОО «DOWNTOWN MANAGEMENT»
000000206,DANEX  LTD ТОО ,DANEX LTD ТОО,ТОО,140140025353,Поставщики ,КАЗАХСТАН,ТОО «DOWNTOWN MANAGEMENT»
000000207,"ТОО ""Торговый Дизайн """,Торговый Дизайн  ТОО,ТОО,040440000922,Поставщики ,КАЗАХСТАН,ТОО «DOWNTOWN MANAGEMENT»
000000209,АстанаППУкомплект ТОО,АстанаППУкомплект ТОО,ТОО,160640007397,Поставщики ,КАЗАХСТАН,ТОО «DOWNTOWN MANAGEMENT»
000000210,МЕГАСТРОЙ АСТАНА DIY ТОО,МЕГАСТРОЙ АСТАНА DIY ТОО,ТОО,090840015598,Поставщики ,КАЗАХСТАН,ТОО «DOWNTOWN MANAGEMENT»
000000212,"АО ""КЕЛЕТ"" ",КЕЛЕТ АО,АО,921040000727,Поставщики ,КАЗАХСТАН,ТОО «DOWNTOWN MANAGEMENT»
000000213,KLINING AS ТОО,KLINING AS ТОО,ТОО,170840007782,Поставщики ,КАЗАХСТАН,ТОО «DOWNTOWN MANAGEMENT»
000000216,"ТОО ""Спецмаркет""",Спецмаркет ТОО,ТОО,111240004599,Поставщики ,КАЗАХСТАН,ТОО «DOWNTOWN MANAGEMENT»
000000218,А.Ортім ТОО,А.Ортім ТОО,ТОО,040840002993,Поставщики ,КАЗАХСТАН,ТОО «DOWNTOWN MANAGEMENT»
000000219,Integra Business ТОО,Integra Business ТОО,ТОО,100840012022,Поставщики ,КАЗАХСТАН,ТОО «DOWNTOWN MANAGEMENT»
000000221,Филиал ТОО  АБДИ КМ,Филиал АБДИ КМ ТОО,ТОО,171241027149,Поставщики ,КАЗАХСТАН,ТОО «DOWNTOWN MANAGEMENT»
000000222,ТОО GeoTechExpert (ГеоТехЭксперт) ,GeoTechExpert (ГеоТехЭксперт) ТОО,ТОО,180140037067,Поставщики ,КАЗАХСТАН,ТОО «DOWNTOWN MANAGEMENT»
000000226,Олимпик - Астана ТОО  ,Олимпик - Астана ТОО,ТОО,100640018966,Поставщики ,КАЗАХСТАН,ТОО «DOWNTOWN MANAGEMENT»
000000227,"Филиал ТОО ""Мечта Маркет"" в городе Астана",Филиал Мечта Маркет в городе Астана ТОО,ТОО,180541032792,Поставщики ,КАЗАХСТАН,ТОО «DOWNTOWN MANAGEMENT»
000000229,QURMET SS ТОО,QURMET SS ТОО,ТОО,190240007576,Поставщики ,КАЗАХСТАН,ТОО «DOWNTOWN MANAGEMENT»
000000230,ATRA  ТОО,ATRA ТОО,ТОО,071040010755,Поставщики ,КАЗАХСТАН,ТОО «DOWNTOWN MANAGEMENT»
000000231,РГУ Департамент государственных доходов по городу Нур-Султан ,РГУ Департамент государственных доходов по городу Нур-Султан,РГУ,141040030110,Поставщики ,КАЗАХСТАН,ТОО «DOWNTOWN MANAGEMENT»
000000236,Метро Кэш энд Керри ТОО ,Метро Кэш энд Керри ТОО,ТОО,080740000861,Поставщики ,КАЗАХСТАН,ТОО «DOWNTOWN MANAGEMENT»
000000237,ТОО Aroma Solutions ,Aroma Solutions ТОО,ТОО,160140010765,Поставщики ,КАЗАХСТАН,ТОО «DOWNTOWN MANAGEMENT»
000000239,Syra Solod ТОО ,Syra Solod ТОО,ТОО,190640010907,Поставщики ,КАЗАХСТАН,ТОО «DOWNTOWN MANAGEMENT»
000000241,Емиральд ТОО,Емиральд ТОО,ТОО,130240029635,Поставщики ,КАЗАХСТАН,ТОО «DOWNTOWN MANAGEMENT»
000000242,ТОО Таза Алем- Астана ,Таза Алем- Астана ТОО,ТОО,110740015322,Поставщики ,КАЗАХСТАН,ТОО «DOWNTOWN MANAGEMENT»
000000246,Азия Экспорт Групп ТОО,Азия Экспорт Групп ТОО,ТОО,030440005921,Поставщики ,КАЗАХСТАН,ТОО «DOWNTOWN MANAGEMENT»
000000247,"""Complex - Bar KZ""(Комплекс-Бар Кей Зет) ф.ТОО в городе Нур - Султан ",Complex - Bar KZ(Комплекс-Бар Кей Зет) ф.в городе Нур - Султан ТОО,ТОО,140741029155,Поставщики ,КАЗАХСТАН,ТОО «DOWNTOWN MANAGEMENT»
000000248,POS-TECH LLP ТОО,POS-TECH LLP ТОО,ТОО,190840025080,Поставщики ,КАЗАХСТАН,ТОО «DOWNTOWN MANAGEMENT»
000000254,"ТОО ""Т.Б.М. - Казахстан""  ",Т.Б.М. - Казахстан ТОО,ТОО,011040001864,Поставщики ,КАЗАХСТАН,ТОО «DOWNTOWN MANAGEMENT»
000000255,"ТОО ""ИнфоТех & Сервис """,ИнфоТех & Сервис  ТОО,ТОО,050840004387,Поставщики ,КАЗАХСТАН,ТОО «DOWNTOWN MANAGEMENT»
000000256,СМИТ-КАЗАХСТАН ТОО,СМИТ-КАЗАХСТАН ТОО,ТОО,150740000410,Поставщики ,КАЗАХСТАН,ТОО «DOWNTOWN MANAGEMENT»
000000414,"ТОО ""BMS Company""",BMS Company ТОО,ТОО,091040000117,Поставщики ,КАЗАХСТАН,ТОО «DOWNTOWN MANAGEMENT»
000000415,ТД iPol ТОО ,ТД iPol ТОО,ТОО,160240011132,Поставщики ,КАЗАХСТАН,ТОО «DOWNTOWN MANAGEMENT»
000000416,Starlinecomp ТОО,Starlinecomp ТОО,ТОО,190540032022,Поставщики ,КАЗАХСТАН,ТОО «DOWNTOWN MANAGEMENT»
000000417,One Bakery ТОО ,One Bakery ТОО,ТОО,140740010773,Поставщики ,КАЗАХСТАН,ТОО «DOWNTOWN MANAGEMENT»
000000419,АО Казпочта ,Казпочта АО,АО,000140002217,Поставщики ,КАЗАХСТАН,ТОО «DOWNTOWN MANAGEMENT»
000000422,СтройДекор777 филиал ТОО ,СтройДекор777 филиал ТОО,ТОО,160241018889,Поставщики ,КАЗАХСТАН,ТОО «DOWNTOWN MANAGEMENT»
000000423,Amadei ТОО ,Amadei ТОО,ТОО,171140031722,Поставщики ,КАЗАХСТАН,ТОО «DOWNTOWN MANAGEMENT»
000000424,ATSkom.kz ТОО ,ATSkom.kz ТОО,ТОО,100940010387,Поставщики ,КАЗАХСТАН,ТОО «DOWNTOWN MANAGEMENT»
000000425,Hot idea (Хот айдиа) ТОО ,Hot idea (Хот айдиа) ТОО,ТОО,130440002561,Поставщики ,КАЗАХСТАН,ТОО «DOWNTOWN MANAGEMENT»
000000427,KAZAKHSTAN CHEMICALS ТОО ,KAZAKHSTAN CHEMICALS ТОО,ТОО,200340025929,Поставщики ,КАЗАХСТАН,ТОО «DOWNTOWN MANAGEMENT»
000000429,EUROELECTRIC Kazakhstan ТОО ,EUROELECTRIC Kazakhstan ТОО,ТОО,050340000287,Поставщики ,КАЗАХСТАН,ТОО «DOWNTOWN MANAGEMENT»
000000430,Эскулап ТОО ,Эскулап ТОО,ТОО,961040001099,Поставщики ,КАЗАХСТАН,ТОО «DOWNTOWN MANAGEMENT»
000000431,Indesing studio ТОО,Indesing studio ТОО,ТОО,140740007991,Поставщики ,КАЗАХСТАН,ТОО «DOWNTOWN MANAGEMENT»
000000432,Рика ТОО ,Рика ТОО,ТОО,961040001009,Поставщики ,КАЗАХСТАН,ТОО «DOWNTOWN MANAGEMENT»
000000433,"Образовательный центр инновационных технологий ""Edige"" ТОО ",Образовательный центр инновационных технологий Edige ТОО,ТОО,150540001729,Поставщики ,КАЗАХСТАН,ТОО «DOWNTOWN MANAGEMENT»
000000434,POS-TECH 12 ТОО ,POS-TECH 12 ТОО,ТОО,190140016284,Поставщики ,КАЗАХСТАН,ТОО «DOWNTOWN MANAGEMENT»
000000435,"ТОО ""ТЕХНО-ИНВЕСТ-2008""",ТЕХНО-ИНВЕСТ-2008 ТОО,ТОО,071240014349,Поставщики ,КАЗАХСТАН,ТОО «DOWNTOWN MANAGEMENT»
000000436,Евротехно Логистик ТОО ,Евротехно Логистик ТОО,ТОО,070640008594,Поставщики ,КАЗАХСТАН,ТОО «DOWNTOWN MANAGEMENT»
000000437,LAM TECH ТОО ,LAM TECH ТОО,ТОО,040840000635,Поставщики ,КАЗАХСТАН,ТОО «DOWNTOWN MANAGEMENT»
000000438,Металлист ИП ,Металлист ИП,ИП,701012300282,Поставщики ,КАЗАХСТАН,ТОО «DOWNTOWN MANAGEMENT»
000000440,филиал ТОО «Торговый дизайн» в г. Астана,филиал Торговый дизайн в г. Астана ТОО,ТОО,050941004643,Поставщики ,КАЗАХСТАН,ТОО «DOWNTOWN MANAGEMENT»
000000442,Dastin Group ТОО ,Dastin Group ТОО,ТОО,190640020568,Поставщики ,КАЗАХСТАН,ТОО «DOWNTOWN MANAGEMENT»
000000444,Sinooil ТОО ,Sinooil ТОО,ТОО,041141006344,Поставщики ,КАЗАХСТАН,ТОО «DOWNTOWN MANAGEMENT»
000000447,VILED FASHION (ВИЛЕД ФЕШН) ТОО ,VILED FASHION (ВИЛЕД ФЕШН) ТОО,ТОО,090740001544,Поставщики ,КАЗАХСТАН,ТОО «DOWNTOWN MANAGEMENT»
000000718,"ТОО ""eCapital""",eCapital ТОО,ТОО,141240008220,Поставщики ,КАЗАХСТАН,ТОО «DOWNTOWN MANAGEMENT»
000000720,"Филиал ТОО ""ARBUZ GROUP (АРБУЗ ГРУП)""",Филиал ARBUZ GROUP (АРБУЗ ГРУП) ТОО,ТОО,200841021345,Поставщики ,КАЗАХСТАН,ТОО «DOWNTOWN MANAGEMENT»
000000722,"ТОО ""ГЕО-Инжиниринг-1""",ГЕО-Инжиниринг-1 ТОО,ТОО,140440006219,Поставщики ,КАЗАХСТАН,ТОО «DOWNTOWN MANAGEMENT»
000000723,"ТОО ""2GIS-Astana (2ГИС-Астана)""",2GIS-Astana (2ГИС-Астана) ТОО,ТОО,150540014225,Поставщики ,КАЗАХСТАН,ТОО «DOWNTOWN MANAGEMENT»
000000727,"ТОО ""LTE &amp; K""",LTE &amp; K ТОО,ТОО,210140019394,Поставщики ,КАЗАХСТАН,ТОО «DOWNTOWN MANAGEMENT»
000000729,"ТОО ""ТехноСпортЦентрКазахстан""",ТехноСпортЦентрКазахстан ТОО,ТОО,020540002720,Поставщики ,КАЗАХСТАН,ТОО «DOWNTOWN MANAGEMENT»
000000731,"ТОО ""А.М. Престиж""",А.М. Престиж ТОО,ТОО,210540001465,Поставщики ,КАЗАХСТАН,ТОО «DOWNTOWN MANAGEMENT»
000000734,"ТОО ""НурТас Сервис Алматы""",НурТас Сервис Алматы ТОО,ТОО,090640005147,Поставщики ,КАЗАХСТАН,ТОО «DOWNTOWN MANAGEMENT»
000000735,"ТОО ""Симба KZ""",Симба KZ ТОО,ТОО,080440004050,Поставщики ,КАЗАХСТАН,ТОО «DOWNTOWN MANAGEMENT»
000000736,"ТОО ""ТэоХим Казахстан""",ТэоХим Казахстан ТОО,ТОО,141040020103,Поставщики ,КАЗАХСТАН,ТОО «DOWNTOWN MANAGEMENT»
000000741,"ТОО ""CH Engineering""",CH Engineering ТОО,ТОО,070640007229,Поставщики ,КАЗАХСТАН,ТОО «DOWNTOWN MANAGEMENT»
000000742,"ТОО ""PROMIX GROUP""",PROMIX GROUP ТОО,ТОО,200140003524,Поставщики ,КАЗАХСТАН,ТОО «DOWNTOWN MANAGEMENT»
000000744,"АО ""Компания по страхованию жизни ""Standard Life""",Компания по страхованию жизни Standard Life АО,АО,070940015052,Поставщики ,КАЗАХСТАН,ТОО «DOWNTOWN MANAGEMENT»
000000745,"ТОО  ""BRAIN FOOD (БРАЙН ФУД)""",BRAIN FOOD (БРАЙН ФУД) ТОО,ТОО,201040004918,Поставщики ,КАЗАХСТАН,ТОО «DOWNTOWN MANAGEMENT»
000000747,"ТОО ""Качество и Результат""",Качество и Результат ТОО,ТОО,200840026390,Поставщики ,КАЗАХСТАН,ТОО «DOWNTOWN MANAGEMENT»
000000748,"ТОО ""J-time""",J-time ТОО,ТОО,200140037509,Поставщики ,КАЗАХСТАН,ТОО «DOWNTOWN MANAGEMENT»
000000751,"ТОО ""МНК Плюс""",МНК Плюс ТОО,ТОО,141040019279,Поставщики ,КАЗАХСТАН,ТОО «DOWNTOWN MANAGEMENT»
000000752,"ТОО ""Auto Center Astana Motor""",Auto Center Astana Motor ТОО,ТОО,100440016685,Поставщики ,КАЗАХСТАН,ТОО «DOWNTOWN MANAGEMENT»
000000753,"ТОО ""ARKA TOUR""",ARKA TOUR ТОО,ТОО,050440000469,Поставщики ,КАЗАХСТАН,ТОО «DOWNTOWN MANAGEMENT»
000000756,"ТОО ""NST&H (Эн Эс Ти энд Аш)""",NST&H (Эн Эс Ти энд Аш) ТОО,ТОО,210140013167,Поставщики ,КАЗАХСТАН,ТОО «DOWNTOWN MANAGEMENT»
000000757,"ТОО ""PLINTAL ALUMINIUM OF KAZAKHSTAN""",PLINTAL ALUMINIUM OF KAZAKHSTAN ТОО,ТОО,230240047713,Поставщики ,КАЗАХСТАН,ТОО «DOWNTOWN MANAGEMENT»
000000759,"ТОО ""CO-PROSTRANSTVO""",CO-PROSTRANSTVO ТОО,ТОО,211140017579,Поставщики ,КАЗАХСТАН,ТОО «DOWNTOWN MANAGEMENT»
000000761,"ТОО ""ҒИМАРАТ 2020""",ҒИМАРАТ 2020 ТОО,ТОО,191040016661,Поставщики ,КАЗАХСТАН,ТОО «DOWNTOWN MANAGEMENT»
000000763,"АО ""Национальная компания""ҚазАвтоЖол""",Национальная компанияҚазАвтоЖол АО,АО,090140000306,Поставщики ,КАЗАХСТАН,ТОО «DOWNTOWN MANAGEMENT»
000000766,"ТОО ""MERCUR AUTOS""",MERCUR AUTOS ТОО,ТОО,101040008325,Поставщики ,КАЗАХСТАН,ТОО «DOWNTOWN MANAGEMENT»
000000768,"ТОО ""PARETTO""",PARETTO ТОО,ТОО,221140008175,Поставщики ,КАЗАХСТАН,ТОО «DOWNTOWN MANAGEMENT»
000000771,"ТОО ""ARDES""",ARDES ТОО,ТОО,121140017381,Поставщики ,КАЗАХСТАН,ТОО «DOWNTOWN MANAGEMENT»
000000772,"ТОО ""Есиль Премиум""",Есиль Премиум ТОО,ТОО,130440001761,Поставщики ,КАЗАХСТАН,ТОО «DOWNTOWN MANAGEMENT»
000000774,"ТОО ""WIN LUX""",WIN LUX ТОО,ТОО,160540014752,Поставщики ,КАЗАХСТАН,ТОО «DOWNTOWN MANAGEMENT»
000000775,"АО ""ФИНАНСОВО-ИНВЕСТИЦИОННАЯ КОРПОРАЦИЯ ""АЛЕЛ""",ФИНАНСОВО-ИНВЕСТИЦИОННАЯ КОРПОРАЦИЯ АЛЕЛ АО,АО,041140005787,Поставщики ,КАЗАХСТАН,ТОО «DOWNTOWN MANAGEMENT»
000000777,"ТОО ""Just Marketing""",Just Marketing ТОО,ТОО,111040010428,Поставщики ,КАЗАХСТАН,ТОО «DOWNTOWN MANAGEMENT»
000000779,"ТОО ""Energy service RTD""",Energy service RTD ТОО,ТОО,130640016549,Поставщики ,КАЗАХСТАН,ТОО «DOWNTOWN MANAGEMENT»
000000780,"ТОО ""КЕРХЕР""",КЕРХЕР ТОО,ТОО,110640003915,Поставщики ,КАЗАХСТАН,ТОО «DOWNTOWN MANAGEMENT»
000000784,"ТОО ""Сити МастерOFF""",Сити МастерOFF ТОО,ТОО,210640012942,Поставщики ,КАЗАХСТАН,ТОО «DOWNTOWN MANAGEMENT»
000000785,"ТОО ""NLS ASTANA""",NLS ASTANA ТОО,ТОО,180440000534,Поставщики ,КАЗАХСТАН,ТОО «DOWNTOWN MANAGEMENT»
000000789,"ТОО ""Almaty IT telecom""",Almaty IT telecom ТОО,ТОО,091140000745,Поставщики ,КАЗАХСТАН,ТОО «DOWNTOWN MANAGEMENT»
000000794,"ТОО ""Юнайтед Парсел Сервис (КАЗ)""",Юнайтед Парсел Сервис (КАЗ) ТОО,ТОО,060540001839,Поставщики ,КАЗАХСТАН,ТОО «DOWNTOWN MANAGEMENT»
000000796,"ТОО ""ПАРИТЕТ СМ""",ПАРИТЕТ СМ ТОО,ТОО,210540023268,Поставщики ,КАЗАХСТАН,ТОО «DOWNTOWN MANAGEMENT»
000000800,"ТОО ""Марсель Тараз""",Марсель Тараз ТОО,ТОО,111240005667,Поставщики ,КАЗАХСТАН,ТОО «DOWNTOWN MANAGEMENT»
000000806,"ТОО ""HRC(Эйчарси)""",HRC(Эйчарси) ТОО,ТОО,090840003366,Поставщики ,КАЗАХСТАН,ТОО «DOWNTOWN MANAGEMENT»
000000812,"ТОО ""MEGA групп""",MEGA групп ТОО,ТОО,130140023048,Поставщики ,КАЗАХСТАН,ТОО «DOWNTOWN MANAGEMENT»
000000816,"ТОО ""Лаки Панч""",Лаки Панч ТОО,ТОО,220240022895,Поставщики ,КАЗАХСТАН,ТОО «DOWNTOWN MANAGEMENT»
000000818,"ТОО ""ASTANA GF- Строй""",ASTANA GF- Строй ТОО,ТОО,130840006053,Поставщики ,КАЗАХСТАН,ТОО «DOWNTOWN MANAGEMENT»
000000820,"ТОО  ""Pit Stop Car Service""",Pit Stop Car Service ТОО,ТОО,220240015575,Поставщики ,КАЗАХСТАН,ТОО «DOWNTOWN MANAGEMENT»
000000822,"ТОО ""GARANT-2030""",GARANT-2030 ТОО,ТОО,230940033616,Поставщики ,КАЗАХСТАН,ТОО «DOWNTOWN MANAGEMENT»
000000825,"ТОО  ""North Star of Kazakhstan""",North Star of Kazakhstan ТОО,ТОО,191240009654,Поставщики ,КАЗАХСТАН,ТОО «DOWNTOWN MANAGEMENT»
000000827,"ТОО ""ТЕПЛОЛЮКС-АЭС""",ТЕПЛОЛЮКС-АЭС ТОО,ТОО,130240024317,Поставщики ,КАЗАХСТАН,ТОО «DOWNTOWN MANAGEMENT»
000000828,"ТОО ""KITik""",KITik ТОО,ТОО,140440007950,Поставщики ,КАЗАХСТАН,ТОО «DOWNTOWN MANAGEMENT»
000000830,"ТОО ""ProAcoustic""",ProAcoustic ТОО,ТОО,191140009343,Поставщики ,КАЗАХСТАН,ТОО «DOWNTOWN MANAGEMENT»
000000832,"ТОО ""AutoDrift""",AutoDrift ТОО,ТОО,230340044168,Поставщики ,КАЗАХСТАН,ТОО «DOWNTOWN MANAGEMENT»
000000834,"ТОО ""SPORT LINE""",SPORT LINE ТОО,ТОО,190340011904,Поставщики ,КАЗАХСТАН,ТОО «DOWNTOWN MANAGEMENT»
000000837,"ТОО  ""B-Luxury Retail""",B-Luxury Retail ТОО,ТОО,160240005148,Поставщики ,КАЗАХСТАН,ТОО «DOWNTOWN MANAGEMENT»
000000838,"ТОО """"Мастерская уюта Астана""""",Мастерская уюта Астана ТОО,ТОО,190340011489,Поставщики ,КАЗАХСТАН,ТОО «DOWNTOWN MANAGEMENT»
000000839,"филиал ТОО ""Зерновая индустрия - Астана""",филиал Зерновая индустрия - Астана ТОО,ТОО,200641007510,Поставщики ,КАЗАХСТАН,ТОО «DOWNTOWN MANAGEMENT»
000000842,"ТОО ""Royal Cars Nur-Sultan""",Royal Cars Nur-Sultan ТОО,ТОО,190940004071,Поставщики ,КАЗАХСТАН,ТОО «DOWNTOWN MANAGEMENT»
000000844,"ТОО ""РАЙТ Казахстан""",РАЙТ Казахстан ТОО,ТОО,231040022535,Поставщики ,КАЗАХСТАН,ТОО «DOWNTOWN MANAGEMENT»
000000848,"ТОО ""Y. Taxi Qazaqstan """,Y. Taxi Qazaqstan  ТОО,ТОО,160540014930,Поставщики ,КАЗАХСТАН,ТОО «DOWNTOWN MANAGEMENT»
000000849,"ТОО ""HOME LIFT KZ""",HOME LIFT KZ ТОО,ТОО,200640033079,Поставщики ,КАЗАХСТАН,ТОО «DOWNTOWN MANAGEMENT»
000000853,"ТОО ""Ydykhan Architects""",Ydykhan Architects ТОО,ТОО,140840013494,Поставщики ,КАЗАХСТАН,ТОО «DOWNTOWN MANAGEMENT»
000000857,"ТОО ""Санаторий Алмаз""",Санаторий Алмаз ТОО,ТОО,100140011178,Поставщики ,КАЗАХСТАН,ТОО «DOWNTOWN MANAGEMENT»
000000861,ТОО Тепло KZ,Тепло KZ ТОО,ТОО,140440001713,Поставщики ,КАЗАХСТАН,ТОО «DOWNTOWN MANAGEMENT»
000000862,"ТОО ""КвадраПро""",КвадраПро ТОО,ТОО,180440010978,Поставщики ,КАЗАХСТАН,ТОО «DOWNTOWN MANAGEMENT»
000000863,"ТОО ""AnG Group""",AnG Group ТОО,ТОО,150740016417,Поставщики ,КАЗАХСТАН,ТОО «DOWNTOWN MANAGEMENT»
000000866,Wood.mirror ТОО,Wood.mirror ТОО,ТОО,230740027579,Поставщики ,КАЗАХСТАН,ТОО «DOWNTOWN MANAGEMENT»
000000868,"ТОО ""Temir Expert"" ",Temir Expert ТОО,ТОО,230740030648,Поставщики ,КАЗАХСТАН,ТОО «DOWNTOWN MANAGEMENT»
000000870,"ТОО ""General Mechanical""",General Mechanical ТОО,ТОО,190540009305,Поставщики ,КАЗАХСТАН,ТОО «DOWNTOWN MANAGEMENT»
000000872,"ТОО ""Silk Flowers """,Silk Flowers  ТОО,ТОО,211240019806,Поставщики ,КАЗАХСТАН,ТОО «DOWNTOWN MANAGEMENT»
000000873,"ТОО ""Lux Servis kz""",Lux Servis kz ТОО,ТОО,180740008698,Поставщики ,КАЗАХСТАН,ТОО «DOWNTOWN MANAGEMENT»
000000874,"Астанинский филиал ТОО ""YMGroup""",Астанинский филиал YMGroup ТОО,ТОО,130341013519,Поставщики ,КАЗАХСТАН,ТОО «DOWNTOWN MANAGEMENT»
000000875,"ТОО ""DECA MINING""",DECA MINING ТОО,ТОО,220140015889,Поставщики ,КАЗАХСТАН,ТОО «DOWNTOWN MANAGEMENT»
000000876,"ТОО ""Нур-Саба""",Нур-Саба ТОО,ТОО,080140003408,Поставщики ,КАЗАХСТАН,ТОО «DOWNTOWN MANAGEMENT»
000000880,"ТОО ""Евразия-НС""",Евразия-НС ТОО,ТОО,021040004107,Поставщики ,КАЗАХСТАН,ТОО «DOWNTOWN MANAGEMENT»
000000882,"ТОО ""Invictus Highvill""",Invictus Highvill ТОО,ТОО,220940003527,Поставщики ,КАЗАХСТАН,ТОО «DOWNTOWN MANAGEMENT»
000000891,"АО ""Компания по страхованию жизни ""Евразия""",Компания по страхованию жизни Евразия АО,АО,181140021231,Поставщики ,КАЗАХСТАН,ТОО «DOWNTOWN MANAGEMENT»
000000893,"ТОО ""Энергетическая Компания""",Энергетическая Компания ТОО,ТОО,960940000556,Поставщики ,КАЗАХСТАН,ТОО «DOWNTOWN MANAGEMENT»
000000899,"ТОО ""Novostroy-Group""",Novostroy-Group ТОО,ТОО,141040023970,Поставщики ,КАЗАХСТАН,ТОО «DOWNTOWN MANAGEMENT»
000000900,"ТОО ""Alash-2019""",Alash-2019 ТОО,ТОО,191040023395,Поставщики ,КАЗАХСТАН,ТОО «DOWNTOWN MANAGEMENT»
000000904,"ТОО ""Центр Садоводства""",Центр Садоводства ТОО,ТОО,230240035650,Поставщики ,КАЗАХСТАН,ТОО «DOWNTOWN MANAGEMENT»
000000908,"ТОО ""ЖОЛСТРОЙ-2023""",ЖОЛСТРОЙ-2023 ТОО,ТОО,230740008166,Поставщики ,КАЗАХСТАН,ТОО «DOWNTOWN MANAGEMENT»
000000911,Афият ТОО,Афият ТОО,ТОО,170440001085,Поставщики ,КАЗАХСТАН,ТОО «DOWNTOWN MANAGEMENT»
000000912,"Филиал ТОО ""Аквасервис"" в городе Астана",Филиал Аквасервис в городе Астана ТОО,ТОО,040541006316,Поставщики ,КАЗАХСТАН,ТОО «DOWNTOWN MANAGEMENT»
000000914,"ТОО ""DOMM.KZ""",DOMM.KZ ТОО,ТОО,140340013268,Поставщики ,КАЗАХСТАН,ТОО «DOWNTOWN MANAGEMENT»
000000919,"ТОО ""Манас Home""",Манас Home ТОО,ТОО,240440015289,Поставщики ,КАЗАХСТАН,ТОО «DOWNTOWN MANAGEMENT»
000000920,"ТОО ""TrustCom Nur (ТрастКом Нур)""",TrustCom Nur (ТрастКом Нур) ТОО,ТОО,190340025776,Поставщики ,КАЗАХСТАН,ТОО «DOWNTOWN MANAGEMENT»
000000921,"ТОО ""Kuat Capital""",Kuat Capital ТОО,ТОО,230640027951,Поставщики ,КАЗАХСТАН,ТОО «DOWNTOWN MANAGEMENT»
000000923,"ТОО ""ДХЛ ИНТЕРНЕШНЛ КАЗАХСТАН""",ДХЛ ИНТЕРНЕШНЛ КАЗАХСТАН ТОО,ТОО,040240002644,Поставщики ,КАЗАХСТАН,ТОО «DOWNTOWN MANAGEMENT»
000000924,"ТОО ""EDEN DESIGN""",EDEN DESIGN ТОО,ТОО,140540001428,Поставщики ,КАЗАХСТАН,ТОО «DOWNTOWN MANAGEMENT»
000000930,"ТОО ""ЛЕАНА""",ЛЕАНА ТОО,ТОО,210940022185,Поставщики ,КАЗАХСТАН,ТОО «DOWNTOWN MANAGEMENT»
000000931,"ТОО ""StroyResource""",StroyResource ТОО,ТОО,240340033243,Поставщики ,КАЗАХСТАН,ТОО «DOWNTOWN MANAGEMENT»
000000932,"ТОО ""Beton &amp; Products""",Beton &amp; Products ТОО,ТОО,070440000492,Поставщики ,КАЗАХСТАН,ТОО «DOWNTOWN MANAGEMENT»
000000934,"ТОО ""SAMRUK Trade""",SAMRUK Trade ТОО,ТОО,140640024284,Поставщики ,КАЗАХСТАН,ТОО «DOWNTOWN MANAGEMENT»
000000944,"ТОО ""Каир Сервис +""",Каир Сервис + ТОО,ТОО,141240006016,Поставщики ,КАЗАХСТАН,ТОО «DOWNTOWN MANAGEMENT»
000000945,"ТОО ""Тералайн Телеком""",Тералайн Телеком ТОО,ТОО,120940015074,Поставщики ,КАЗАХСТАН,ТОО «DOWNTOWN MANAGEMENT»
000000946,"ТОО ""Relaxy""",Relaxy ТОО,ТОО,180140008281,Поставщики ,КАЗАХСТАН,ТОО «DOWNTOWN MANAGEMENT»
000000947,"ТОО ""Сибирь С""",Сибирь С ТОО,ТОО,040940009171,Поставщики ,КАЗАХСТАН,ТОО «DOWNTOWN MANAGEMENT»
000000949,"ТОО ""Талисман-Ц""",Талисман-Ц ТОО,ТОО,140640003688,Поставщики ,КАЗАХСТАН,ТОО «DOWNTOWN MANAGEMENT»
000000952,"ТОО ""Инспорт - Кз""",Инспорт - Кз ТОО,ТОО,220540028479,Поставщики ,КАЗАХСТАН,ТОО «DOWNTOWN MANAGEMENT»
000000957,"ТОО ""ДатГрупп""",ДатГрупп ТОО,ТОО,210440002599,Поставщики ,КАЗАХСТАН,ТОО «DOWNTOWN MANAGEMENT»
000000958,"Филиал ТОО ""Ruba Technology Астана""",Филиал Ruba Technology Астана ТОО,ТОО,160341003824,Поставщики ,КАЗАХСТАН,ТОО «DOWNTOWN MANAGEMENT»
000000959,"ТОО  ""VIROLA""",VIROLA ТОО,ТОО,220840001676,Поставщики ,КАЗАХСТАН,ТОО «DOWNTOWN MANAGEMENT»
000000960,"ТОО СПК ""СтальКом""",СПК СтальКом ТОО,ТОО,190840007101,Поставщики ,КАЗАХСТАН,ТОО «DOWNTOWN MANAGEMENT»
000000966,"ТОО ""Кровельный Центр""",Кровельный Центр ТОО,ТОО,110340017542,Поставщики ,КАЗАХСТАН,ТОО «DOWNTOWN MANAGEMENT»
000000972,"ТОО ""Orbis Luxury Astana""",Orbis Luxury Astana ТОО,ТОО,210540009410,Поставщики ,КАЗАХСТАН,ТОО «DOWNTOWN MANAGEMENT»
000000973,"ТОО ""TOR INDUSTRIES""",TOR INDUSTRIES ТОО,ТОО,140240002299,Поставщики ,КАЗАХСТАН,ТОО «DOWNTOWN MANAGEMENT»
000000974,"ТОО ""БекЖас Кызмет""",БекЖас Кызмет ТОО,ТОО,190940034390,Поставщики ,КАЗАХСТАН,ТОО «DOWNTOWN MANAGEMENT»
000000975,"ТОО ""МОСКОВСКИЙ ЗАВОД СТРОИТЕЛЬНЫХ КОНСТРУКЦИЙ""",МОСКОВСКИЙ ЗАВОД СТРОИТЕЛЬНЫХ КОНСТРУКЦИЙ ТОО,ТОО,160640022350,Поставщики ,КАЗАХСТАН,ТОО «DOWNTOWN MANAGEMENT»
000000976,"ТОО ""Coffee Engineering Group (Кофе Инжиниринг Групп)""",Coffee Engineering Group (Кофе Инжиниринг Групп) ТОО,ТОО,210140007668,Поставщики ,КАЗАХСТАН,ТОО «DOWNTOWN MANAGEMENT»
000000977,"ТОО ""ТССП Казахстан""",ТССП Казахстан ТОО,ТОО,160440004256,Поставщики ,КАЗАХСТАН,ТОО «DOWNTOWN MANAGEMENT»
000000978,ТОО  Qurylys Beton Group,Qurylys Beton Group ТОО,ТОО,201040037865,Поставщики ,КАЗАХСТАН,ТОО «DOWNTOWN MANAGEMENT»
000000979,"ТОО ""RA MASTONE""",RA MASTONE ТОО,ТОО,210540006456,Поставщики ,КАЗАХСТАН,ТОО «DOWNTOWN MANAGEMENT»
000000980,"ТОО ""CAR ID""",CAR ID ТОО,ТОО,220840021610,Поставщики ,КАЗАХСТАН,ТОО «DOWNTOWN MANAGEMENT»
000000999,"ТОО ""Азия Пром Снаб KZ""",Азия Пром Снаб KZ ТОО,ТОО,190140022912,Поставщики ,КАЗАХСТАН,ТОО «DOWNTOWN MANAGEMENT»
000001002,"ТОО  ""QAZAQ LIFT EXPERT""",QAZAQ LIFT EXPERT ТОО,ТОО,240840009368,Поставщики ,КАЗАХСТАН,ТОО «DOWNTOWN MANAGEMENT»
000001003,"ТОО ""Caviar House Qazaqstan""",Caviar House Qazaqstan ТОО,ТОО,220240022072,Поставщики ,КАЗАХСТАН,ТОО «DOWNTOWN MANAGEMENT»
000001006,"ТОО ""Azimut Solutions""",Azimut Solutions ТОО,ТОО,140940000862,Поставщики ,КАЗАХСТАН,ТОО «DOWNTOWN MANAGEMENT»
000001013,"ТОО ""PD компания""",PD компания ТОО,ТОО,240740029755,Поставщики ,КАЗАХСТАН,ТОО «DOWNTOWN MANAGEMENT»
000001014,"ТОО ""OGER COMPANY""",OGER COMPANY ТОО,ТОО,120440005722,Поставщики ,КАЗАХСТАН,ТОО «DOWNTOWN MANAGEMENT»
000001019,"ТОО ""Азия Паркет Центр""",Азия Паркет Центр ТОО,ТОО,031240002259,Поставщики ,КАЗАХСТАН,ТОО «DOWNTOWN MANAGEMENT»
000001020,"ТОО ""VIP Клиника"" (ВИП Клиника)",VIP Клиника (ВИП Клиника) ТОО,ТОО,130440029256,Поставщики ,КАЗАХСТАН,ТОО «DOWNTOWN MANAGEMENT»
000001022,"ТОО ""Ансар - 2020""",Ансар - 2020 ТОО,ТОО,101140015689,Поставщики ,КАЗАХСТАН,ТОО «DOWNTOWN MANAGEMENT»
000001023,"ТОО ""DEA DESIGN""",DEA DESIGN ТОО,ТОО,180940008558,Поставщики ,КАЗАХСТАН,ТОО «DOWNTOWN MANAGEMENT»
000001024,"ТОО ""Belwood KZ"" (Белвуд КЗ)""",Belwood KZ (Белвуд КЗ) ТОО,ТОО,140340021457,Поставщики ,КАЗАХСТАН,ТОО «DOWNTOWN MANAGEMENT»
000001026,"ТОО ""Водометр""",Водометр ТОО,ТОО,180240021232,Поставщики ,КАЗАХСТАН,ТОО «DOWNTOWN MANAGEMENT»
000001035,"ТОО ""КазВентКонсалтинг""",КазВентКонсалтинг ТОО,ТОО,131240008010,Поставщики ,КАЗАХСТАН,ТОО «DOWNTOWN MANAGEMENT»
000001039,"ТОО ""ЛАМИНАТ ЦЕНТР""",ЛАМИНАТ ЦЕНТР ТОО,ТОО,060540009120,Поставщики ,КАЗАХСТАН,ТОО «DOWNTOWN MANAGEMENT»
000001041,"ТОО ""Store Group Ast""",Store Group Ast ТОО,ТОО,240340026002,Поставщики ,КАЗАХСТАН,ТОО «DOWNTOWN MANAGEMENT»
000001042,"ТОО ""KinGlobal""",KinGlobal ТОО,ТОО,230840039141,Поставщики ,КАЗАХСТАН,ТОО «DOWNTOWN MANAGEMENT»
000001043,"ТОО  ""ЭлеКра""",ЭлеКра ТОО,ТОО,200940033802,Поставщики ,КАЗАХСТАН,ТОО «DOWNTOWN MANAGEMENT»
000001047,"ТОО ""RMK ENERGY TRADE""",RMK ENERGY TRADE ТОО,ТОО,180840006875,Поставщики ,КАЗАХСТАН,ТОО «DOWNTOWN MANAGEMENT»
000001050,Галерея Талисман ТОО ,Галерея Талисман ТОО,ТОО,170940032300,Поставщики ,КАЗАХСТАН,ТОО «DOWNTOWN MANAGEMENT»
000001056,"ТОО ""BAU Group""",BAU Group ТОО,ТОО,140440004430,Поставщики ,КАЗАХСТАН,ТОО «DOWNTOWN MANAGEMENT»
000001057,"ТОО ""Diplomat Metall""",Diplomat Metall ТОО,ТОО,211140014564,Поставщики ,КАЗАХСТАН,ТОО «DOWNTOWN MANAGEMENT»
000001060,ОМАРОВА ЗАГИРА ДЖУМАБЕКОВНА,ОМАРОВА ЗАГИРА ДЖУМАБЕКОВНА,ФЛ,641017401280,Поставщики ,КАЗАХСТАН,ТОО «DOWNTOWN MANAGEMENT»
000001063,"ТОО ""HORECA QAGAZ"" ХОРЕКА КАГАЗ",HORECA QAGAZ ХОРЕКА КАГАЗ ТОО,ТОО,241140021813,Поставщики ,КАЗАХСТАН,ТОО «DOWNTOWN MANAGEMENT»
000001069,"ТОО ""Pest Control Products""",Pest Control Products ТОО,ТОО,180540003344,Поставщики ,КАЗАХСТАН,ТОО «DOWNTOWN MANAGEMENT»
000001070,"ТОО ""Промат-А""",Промат-А ТОО,ТОО,180240037893,Поставщики ,КАЗАХСТАН,ТОО «DOWNTOWN MANAGEMENT»
000001073,"ТОО ""CSM-A""",CSM-A ТОО,ТОО,201240004935,Поставщики ,КАЗАХСТАН,ТОО «DOWNTOWN MANAGEMENT»
000001075,"ТОО ""Компания ""Красивый Дом""",Компания Красивый Дом ТОО,ТОО,080940014076,Поставщики ,КАЗАХСТАН,ТОО «DOWNTOWN MANAGEMENT»
000001077,"ТОО ""KONE Kazakhstan"" (КОНЕ Казахстан)",KONE Kazakhstan (КОНЕ Казахстан) ТОО,ТОО,210240004072,Поставщики ,КАЗАХСТАН,ТОО «DOWNTOWN MANAGEMENT»
000001081,ТОО «COPУSERVICE»,COPУSERVICE ТОО,ТОО,021040004286,Поставщики ,КАЗАХСТАН,ТОО «DOWNTOWN MANAGEMENT»
000001082,"ТОО ""UNIT PRO""",UNIT PRO ТОО,ТОО,231040024786,Поставщики ,КАЗАХСТАН,ТОО «DOWNTOWN MANAGEMENT»
000001085,"ТОО ""Fac-Co""",Fac-Co ТОО,ТОО,230540010236,Поставщики ,КАЗАХСТАН,ТОО «DOWNTOWN MANAGEMENT»
000001087,"ТОО ""DalaTech""",DalaTech ТОО,ТОО,171140024869,Поставщики ,КАЗАХСТАН,ТОО «DOWNTOWN MANAGEMENT»
000001088,"АО ""Астана-Региональная Электросетевая компания""",Астана-Региональная Электросетевая компания АО,АО,021240001744,Поставщики ,КАЗАХСТАН,ТОО «DOWNTOWN MANAGEMENT»
000001091,"ТОО ""ANANAS FLOWERS (АНАНАС ФЛАУЭРС)""",ANANAS FLOWERS (АНАНАС ФЛАУЭРС) ТОО,ТОО,230540015121,Поставщики ,КАЗАХСТАН,ТОО «DOWNTOWN MANAGEMENT»
000001093,"ТОО ""Digital Art Premium""",Digital Art Premium ТОО,ТОО,240840022800,Поставщики ,КАЗАХСТАН,ТОО «DOWNTOWN MANAGEMENT»
000001095,"ТОО ""GQ-System Saiman""",GQ-System Saiman ТОО,ТОО,230540028400,Поставщики ,КАЗАХСТАН,ТОО «DOWNTOWN MANAGEMENT»
000001098,"ТОО ""Send Me Location""",Send Me Location ТОО,ТОО,220740044309,Поставщики ,КАЗАХСТАН,ТОО «DOWNTOWN MANAGEMENT»
000001103,"ТОО ""КазСтройПроект-2018""",КазСтройПроект-2018 ТОО,ТОО,020840009243,Поставщики ,КАЗАХСТАН,ТОО «DOWNTOWN MANAGEMENT»
000001104,"ТОО ""Всё для бани""",Всё для бани ТОО,ТОО,230140022388,Поставщики ,КАЗАХСТАН,ТОО «DOWNTOWN MANAGEMENT»
000001105,"ТОО ""Consulting Group Acapello""",Consulting Group Acapello ТОО,ТОО,230140005447,Поставщики ,КАЗАХСТАН,ТОО «DOWNTOWN MANAGEMENT»
000001106,"ТОО ""ЛунЗара""",ЛунЗара ТОО,ТОО,190940002709,Поставщики ,КАЗАХСТАН,ТОО «DOWNTOWN MANAGEMENT»
000001107,"ТОО ""Торгово-Импортная Компания ""АСТРОН""",Торгово-Импортная Компания АСТРОН ТОО,ТОО,131140016127,Поставщики ,КАЗАХСТАН,ТОО «DOWNTOWN MANAGEMENT»
000001117,"ТОО ""ЭЙКОС""",ЭЙКОС ТОО,ТОО,960140000150,Поставщики ,КАЗАХСТАН,ТОО «DOWNTOWN MANAGEMENT»
000001120,"ТОО ""ASIA RELIABLE SERVICE""",ASIA RELIABLE SERVICE ТОО,ТОО,230240002027,Поставщики ,КАЗАХСТАН,ТОО «DOWNTOWN MANAGEMENT»
000001123,"ТОО ""АРТ ДЕКО""",АРТ ДЕКО ТОО,ТОО,971040000181,Поставщики ,КАЗАХСТАН,ТОО «DOWNTOWN MANAGEMENT»
000001124,"ТОО ""АКАДЕМИЯ ПРОФЕССИЙ РК""",АКАДЕМИЯ ПРОФЕССИЙ РК ТОО,ТОО,221040009407,Поставщики ,КАЗАХСТАН,ТОО «DOWNTOWN MANAGEMENT»
000001125,"ТОО ""Network PRO""",Network PRO ТОО,ТОО,230740036805,Поставщики ,КАЗАХСТАН,ТОО «DOWNTOWN MANAGEMENT»
000001127,"ТОО ""Галактика Групп""",Галактика Групп ТОО,ТОО,180740006465,Поставщики ,КАЗАХСТАН,ТОО «DOWNTOWN MANAGEMENT»
000001135,"ТОО ""Нұр жол жөндеу""",Нұр жол жөндеу ТОО,ТОО,050940009430,Поставщики ,КАЗАХСТАН,ТОО «DOWNTOWN MANAGEMENT»
000001136,"ТОО ""Ast.parket"" (Аст. паркет)",Ast.parket (Аст. паркет) ТОО,ТОО,180540014924,Поставщики ,КАЗАХСТАН,ТОО «DOWNTOWN MANAGEMENT»
000001138,"ТОО ""Вудстаф""",Вудстаф ТОО,ТОО,230240025554,Поставщики ,КАЗАХСТАН,ТОО «DOWNTOWN MANAGEMENT»
000001141,"ТОО ""Авангард Снаб""",Авангард Снаб ТОО,ТОО,220940026020,Поставщики ,КАЗАХСТАН,ТОО «DOWNTOWN MANAGEMENT»
000001142,"ТОО ""Kinojarnama""",Kinojarnama ТОО,ТОО,240840024514,Поставщики ,КАЗАХСТАН,ТОО «DOWNTOWN MANAGEMENT»
000001144,"ТОО ""MUZBEL PRODUCTION""",MUZBEL PRODUCTION ТОО,ТОО,250440018710,Поставщики ,КАЗАХСТАН,ТОО «DOWNTOWN MANAGEMENT»
000001145,"ТОО ""БерканаМонтаж ЛТД""",БерканаМонтаж ЛТД ТОО,ТОО,240340009548,Поставщики ,КАЗАХСТАН,ТОО «DOWNTOWN MANAGEMENT»
000001146,"ТОО ""КазАгроЭксперт""",КазАгроЭксперт ТОО,ТОО,171040021464,Поставщики ,КАЗАХСТАН,ТОО «DOWNTOWN MANAGEMENT»
000001147,"ТОО ""Bateel Kazakhstan""",Bateel Kazakhstan ТОО,ТОО,220240025512,Поставщики ,КАЗАХСТАН,ТОО «DOWNTOWN MANAGEMENT»
000001148,"ТОО ""AS Invest Group""",AS Invest Group ТОО,ТОО,230540033368,Поставщики ,КАЗАХСТАН,ТОО «DOWNTOWN MANAGEMENT»
000001157,"ТОО ""Выбор Казахстан""",Выбор Казахстан ТОО,ТОО,021140004557,Поставщики ,КАЗАХСТАН,ТОО «DOWNTOWN MANAGEMENT»
000001161,"ТОО ""Wealthy But Wise Mining""",Wealthy But Wise Mining ТОО,ТОО,231140011098,Поставщики ,КАЗАХСТАН,ТОО «DOWNTOWN MANAGEMENT»
000001163,"ТОО ""AVECO Group Almaty""",AVECO Group Almaty ТОО,ТОО,240540033315,Поставщики ,КАЗАХСТАН,ТОО «DOWNTOWN MANAGEMENT»
000001165,"ТОО ""FIDA Concrete""",FIDA Concrete ТОО,ТОО,211140011768,Поставщики ,КАЗАХСТАН,ТОО «DOWNTOWN MANAGEMENT»
000001169,"ТОО ""Stars of logistics""",Stars of logistics ТОО,ТОО,121240011069,Поставщики ,КАЗАХСТАН,ТОО «DOWNTOWN MANAGEMENT»
000001171,"ТОО ""Завод Металл Профиль""",Завод Металл Профиль ТОО,ТОО,061040003969,Поставщики ,КАЗАХСТАН,ТОО «DOWNTOWN MANAGEMENT»
000001174,"ТОО ""NRK CONSTRUCTION""",NRK CONSTRUCTION ТОО,ТОО,231240027632,Поставщики ,КАЗАХСТАН,ТОО «DOWNTOWN MANAGEMENT»
000001175,"ТОО ""Spectrum International School""",Spectrum International School ТОО,ТОО,180640021495,Поставщики ,КАЗАХСТАН,ТОО «DOWNTOWN MANAGEMENT»
000001182,"ТОО ""Tomi Qaz""",Tomi Qaz ТОО,ТОО,190840029112,Поставщики ,КАЗАХСТАН,ТОО «DOWNTOWN MANAGEMENT»
000001187,"ТОО ""TAIR Transport company""",TAIR Transport company ТОО,ТОО,240540008091,Поставщики ,КАЗАХСТАН,ТОО «DOWNTOWN MANAGEMENT»
000001188,"ТОО  ""Миле""",Миле ТОО,ТОО,080540014458,Поставщики ,КАЗАХСТАН,ТОО «DOWNTOWN MANAGEMENT»
000001191,"ТОО ""Компания Артель""",Компания Артель ТОО,ТОО,100240007331,Поставщики ,КАЗАХСТАН,ТОО «DOWNTOWN MANAGEMENT»
000001192,"ТОО """"ASTANA AGASH ALEMI""""",ASTANA AGASH ALEMI ТОО,ТОО,230640027159,Поставщики ,КАЗАХСТАН,ТОО «DOWNTOWN MANAGEMENT»
000001193,"ТОО ""Direct Channel Technology""",Direct Channel Technology ТОО,ТОО,100940014396,Поставщики ,КАЗАХСТАН,ТОО «DOWNTOWN MANAGEMENT»
000001195,"ТОО ""ДИРАМ""",ДИРАМ ТОО,ТОО,190740017145,Поставщики ,КАЗАХСТАН,ТОО «DOWNTOWN MANAGEMENT»
000001202,"АО ""Лечебно-оздоровительный комплекс ""Ок-Жетпес""",Лечебно-оздоровительный комплекс Ок-Жетпес АО,АО,051040005150,Поставщики ,КАЗАХСТАН,ТОО «DOWNTOWN MANAGEMENT»
000001203,"ТОО ""Зерновая индустрия-Астана""",Зерновая индустрия-Астана ТОО,ТОО,000440002713,Поставщики ,КАЗАХСТАН,ТОО «DOWNTOWN MANAGEMENT»
000001206,"ТОО ""TAZA CITY""",TAZA CITY ТОО,ТОО,190240008613,Поставщики ,КАЗАХСТАН,ТОО «DOWNTOWN MANAGEMENT»
000001208,"ТОО ""SAT IN TRADE""",SAT IN TRADE ТОО,ТОО,230840039249,Поставщики ,КАЗАХСТАН,ТОО «DOWNTOWN MANAGEMENT»
000001209,"ТОО ""G HUB""",G HUB ТОО,ТОО,210640027751,Поставщики ,КАЗАХСТАН,ТОО «DOWNTOWN MANAGEMENT»
000001212,"ТОО ""KLM Solutions""",KLM Solutions ТОО,ТОО,230540044373,Поставщики ,КАЗАХСТАН,ТОО «DOWNTOWN MANAGEMENT»
000001213,"ТОО ""PetroRetail""",PetroRetail ТОО,ТОО,181040037076,Поставщики ,КАЗАХСТАН,ТОО «DOWNTOWN MANAGEMENT»
000001215,"ТОО ""Швейная марка""",Швейная марка ТОО,ТОО,140940006029,Поставщики ,КАЗАХСТАН,ТОО «DOWNTOWN MANAGEMENT»
000001217,ТОО ''Универсал Кетринг'',''Универсал Кетринг'' ТОО,ТОО,000140004312,Поставщики ,КАЗАХСТАН,ТОО «DOWNTOWN MANAGEMENT»
000001222,"ТОО ""Soventus Energy""",Soventus Energy ТОО,ТОО,131140025829,Поставщики ,КАЗАХСТАН,ТОО «DOWNTOWN MANAGEMENT»
000001230,"ТОО ""ТРИТОН КРОВЛЯ""",ТРИТОН КРОВЛЯ ТОО,ТОО,220840005381,Поставщики ,КАЗАХСТАН,ТОО «DOWNTOWN MANAGEMENT»
000001235,"ТОО ""Aldar EuroAsia Hospitality (Алдар ЕвроАзия Хоспиталити)""",Aldar EuroAsia Hospitality (Алдар ЕвроАзия Хоспиталити) ТОО,ТОО,180540018684,Поставщики ,КАЗАХСТАН,ТОО «DOWNTOWN MANAGEMENT»
000001238,"ТОО ""Logistic project""",Logistic project ТОО,ТОО,240540003556,Поставщики ,КАЗАХСТАН,ТОО «DOWNTOWN MANAGEMENT»
000001242,"АО ""Нефтяная страховая компания""",Нефтяная страховая компания АО,АО,960440000716,Поставщики ,КАЗАХСТАН,ТОО «DOWNTOWN MANAGEMENT»
000001246,"ТОО ""Gamma Coating"" (""Гамма Коутинг"")",Gamma Coating (Гамма Коутинг) ТОО,ТОО,090740017650,Поставщики ,КАЗАХСТАН,ТОО «DOWNTOWN MANAGEMENT»
000001247,"ТОО ""Kazakhstan International School Astana""",Kazakhstan International School Astana ТОО,ТОО,190640015244,Поставщики ,КАЗАХСТАН,ТОО «DOWNTOWN MANAGEMENT»
000001255,"ТОО ""Caspian Automative""",Caspian Automative ТОО,ТОО,110440013137,Поставщики ,КАЗАХСТАН,ТОО «DOWNTOWN MANAGEMENT»
000001256,"ТОО ""we brand.""",we brand. ТОО,ТОО,191040004913,Поставщики ,КАЗАХСТАН,ТОО «DOWNTOWN MANAGEMENT»
000001257,"ТОО ""Торгово-Промышленная компания MARYAN""",Торгово-Промышленная компания MARYAN ТОО,ТОО,250840030556,Поставщики ,КАЗАХСТАН,ТОО «DOWNTOWN MANAGEMENT»
000001258,"ТОО ""Гидробаланс""",Гидробаланс ТОО,ТОО,181140002166,Поставщики ,КАЗАХСТАН,ТОО «DOWNTOWN MANAGEMENT»
000001260,"ТОО ""Ракурс NS""",Ракурс NS ТОО,ТОО,020540004767,Поставщики ,КАЗАХСТАН,ТОО «DOWNTOWN MANAGEMENT»
000001262,"ТОО ""Интернет-компания PS""",Интернет-компания PS ТОО,ТОО,080840007694,Поставщики ,КАЗАХСТАН,ТОО «DOWNTOWN MANAGEMENT»
000001263,"Maх Jordan/""МаксДжордан ТОО ",Maх Jordan/МаксДжордан ТОО,ТОО,070440014472,Поставщики ,КАЗАХСТАН,ТОО «DOWNTOWN MANAGEMENT»
000001265,"ТОО ""Get Energy (Гет Энерджи)""",Get Energy (Гет Энерджи) ТОО,ТОО,170540026252,Поставщики ,КАЗАХСТАН,ТОО «DOWNTOWN MANAGEMENT»
000001266,"ТОО ""Imperial tailoring Company"" (Империал Теилоринг Компании)",Imperial tailoring Company (Империал Теилоринг Компании) ТОО,ТОО,030840010813,Поставщики ,КАЗАХСТАН,ТОО «DOWNTOWN MANAGEMENT»
000001269,"ТОО ""Современные Печатные технологии """,Современные Печатные технологии  ТОО,ТОО,151140003068,Поставщики ,КАЗАХСТАН,ТОО «DOWNTOWN MANAGEMENT»
000001279,"ТОО ""Tizimapp""",Tizimapp ТОО,ТОО,251140023550,Поставщики ,КАЗАХСТАН,ТОО «DOWNTOWN MANAGEMENT»
000001282,"ТОО ""КазЭнергоПром Sistems""",КазЭнергоПром Sistems ТОО,ТОО,130440012648,Поставщики ,КАЗАХСТАН,ТОО «DOWNTOWN MANAGEMENT»
000001287,"ТОО ""Robinz Electro""",Robinz Electro ТОО,ТОО,200640026234,Поставщики ,КАЗАХСТАН,ТОО «DOWNTOWN MANAGEMENT»
000001289, ORKIN ТОО ,ORKIN ТОО,ТОО,160340001007,Поставщики ,КАЗАХСТАН,ТОО «DOWNTOWN MANAGEMENT»
000001291,"ТОО ""MICROCLIMAT SERVICE""",MICROCLIMAT SERVICE ТОО,ТОО,181040027564,Поставщики ,КАЗАХСТАН,ТОО «DOWNTOWN MANAGEMENT»
000001292,"ТОО ""Qazaq Proff""",Qazaq Proff ТОО,ТОО,210740028972,Поставщики ,КАЗАХСТАН,ТОО «DOWNTOWN MANAGEMENT»
000001295,HOME LIFT MONTAZH KZ ТОО ,HOME LIFT MONTAZH KZ ТОО,ТОО,240540014313,Поставщики ,КАЗАХСТАН,ТОО «DOWNTOWN MANAGEMENT»
000001296,"Филиал ТОО ""Alina Group"" в городе Астана",Филиал Alina Group в городе Астана ТОО,ТОО,151241022927,Поставщики ,КАЗАХСТАН,ТОО «DOWNTOWN MANAGEMENT»
000001302,"ТОО ""Гер-строй-сервис""",Гер-строй-сервис ТОО,ТОО,060440011179,Поставщики ,КАЗАХСТАН,ТОО «DOWNTOWN MANAGEMENT»
000001306,"ТОО ""ДНС КАЗАХСТАН""",ДНС КАЗАХСТАН ТОО,ТОО,210140004940,Поставщики ,КАЗАХСТАН,ТОО «DOWNTOWN MANAGEMENT»
000001307,"АО ""Компания по страхованию жизни ""Коммеск-Өмір""",Компания по страхованию жизни Коммеск-Өмір АО,АО,911140000055,Поставщики ,КАЗАХСТАН,ТОО «DOWNTOWN MANAGEMENT»
000001312,"ТОО ""ЛАБОРАТОРИЯ ЭНЕРГОЭФФЕКТИВНЫХ РЕШЕНИЙ - КАЗАХСТАН""",ЛАБОРАТОРИЯ ЭНЕРГОЭФФЕКТИВНЫХ РЕШЕНИЙ - КАЗАХСТАН ТОО,ТОО,240540009446,Поставщики ,КАЗАХСТАН,ТОО «DOWNTOWN MANAGEMENT»
000001315,"ТОО ""AFitness""",AFitness ТОО,ТОО,230640034924,Поставщики ,КАЗАХСТАН,ТОО «DOWNTOWN MANAGEMENT»
000001316,"ТОО ""БОРК-Казахстан""",БОРК-Казахстан ТОО,ТОО,110540012688,Поставщики ,КАЗАХСТАН,ТОО «DOWNTOWN MANAGEMENT»
000001317,"ТОО ""TURAN Palace""",TURAN Palace ТОО,ТОО,210340034820,Поставщики ,КАЗАХСТАН,ТОО «DOWNTOWN MANAGEMENT»
000001318,ИП ADILI DIGITAL PRINT,ADILI DIGITAL PRINT ИП,ИП,710107300139,Поставщики ,КАЗАХСТАН,ТОО «DOWNTOWN MANAGEMENT»
000001321,"ТОО ""ESG HOLDING""",ESG HOLDING ТОО,ТОО,060340017134,Поставщики ,КАЗАХСТАН,ТОО «DOWNTOWN MANAGEMENT»
000001323,"ТОО ""Jedikuna""",Jedikuna ТОО,ТОО,251240002115,Поставщики ,КАЗАХСТАН,ТОО «DOWNTOWN MANAGEMENT»
000001324,"ТОО ""АДИЛИ ТЕКСТИЛЬ""",АДИЛИ ТЕКСТИЛЬ ТОО,ТОО,140740004607,Поставщики ,КАЗАХСТАН,ТОО «DOWNTOWN MANAGEMENT»
000001325,"ТОО ""ICEBAHACOMPANY""",ICEBAHACOMPANY ТОО,ТОО,080540013777,Поставщики ,КАЗАХСТАН,ТОО «DOWNTOWN MANAGEMENT»
000001330,"ТОО ""АгроТехМенеджмент""",АгроТехМенеджмент ТОО,ТОО,161040015339,Поставщики ,КАЗАХСТАН,ТОО «DOWNTOWN MANAGEMENT»
000001334,"ТОО ""Айназ 2024""",Айназ 2024 ТОО,ТОО,240340018725,Поставщики ,КАЗАХСТАН,ТОО «DOWNTOWN MANAGEMENT»
000001335,"ТОО ""Glass Building Construction""",Glass Building Construction ТОО,ТОО,250540021942,Поставщики ,КАЗАХСТАН,ТОО «DOWNTOWN MANAGEMENT»
000001337,"ТОО ""Автоматические котлы KZ""",Автоматические котлы KZ ТОО,ТОО,200740007132,Поставщики ,КАЗАХСТАН,ТОО «DOWNTOWN MANAGEMENT»
000001338,ProMetEn ТОО,ProMetEn ТОО,ТОО,250340011600,Поставщики ,КАЗАХСТАН,ТОО «DOWNTOWN MANAGEMENT»
000001339,"ТОО ""CUPERTINO KAZAKHSTAN""",CUPERTINO KAZAKHSTAN ТОО,ТОО,250940001952,Поставщики ,КАЗАХСТАН,ТОО «DOWNTOWN MANAGEMENT»
000001340,"ТОО ""AstanaCars""",AstanaCars ТОО,ТОО,230140042273,Поставщики ,КАЗАХСТАН,ТОО «DOWNTOWN MANAGEMENT»
000001342,"РГП на ПХВ  ""Информационно-производственный центр"" Министерства внутренних дел Республики Казахстан",РГП на ПХВ Информационно-производственный центр Министерства внутренних дел Республики Казахстан,РГП на ПХВ,990440001531,Поставщики ,КАЗАХСТАН,ТОО «DOWNTOWN MANAGEMENT»
000001343,"ТОО ""Стальной двор-Астана""",Стальной двор-Астана ТОО,ТОО,110240017618,Поставщики ,КАЗАХСТАН,ТОО «DOWNTOWN MANAGEMENT»
000001344,"ТОО ""220 VOLT""",220 VOLT ТОО,ТОО,050540006372,Поставщики ,КАЗАХСТАН,ТОО «DOWNTOWN MANAGEMENT»
000001349,"ТОО ""Eurasian Trading Group""",Eurasian Trading Group ТОО,ТОО,140640002134,Поставщики ,КАЗАХСТАН,ТОО «DOWNTOWN MANAGEMENT»
000001351,"ТОО ""NFactorial School""",NFactorial School ТОО,ТОО,200640029308,Поставщики ,КАЗАХСТАН,ТОО «DOWNTOWN MANAGEMENT»
000001352,"ТОО ""Прана ЖБИ""",Прана ЖБИ ТОО,ТОО,191040034826,Поставщики ,КАЗАХСТАН,ТОО «DOWNTOWN MANAGEMENT»
000001355,"ТОО ""Dsa-decor плюс""",Dsa-decor плюс ТОО,ТОО,160940023429,Поставщики ,КАЗАХСТАН,ТОО «DOWNTOWN MANAGEMENT»
000001356,"ТОО ""DK&Flowers""",DK&Flowers ТОО,ТОО,210140028125,Поставщики ,КАЗАХСТАН,ТОО «DOWNTOWN MANAGEMENT»
000001358,"ТОО ""Dosled""",Dosled ТОО,ТОО,191040013685,Поставщики ,КАЗАХСТАН,ТОО «DOWNTOWN MANAGEMENT»
000001362,"ТОО ""BolashakStroyService""",BolashakStroyService ТОО,ТОО,210540037119,Поставщики ,КАЗАХСТАН,ТОО «DOWNTOWN MANAGEMENT»
000001364,"ТОО ""LOTOS&CO""",LOTOS&CO ТОО,ТОО,240440022330,Поставщики ,КАЗАХСТАН,ТОО «DOWNTOWN MANAGEMENT»
000001365,"ТОО ""ACRE (АКРА)""",ACRE (АКРА) ТОО,ТОО,170940003822,Поставщики ,КАЗАХСТАН,ТОО «DOWNTOWN MANAGEMENT»
000000364,"ТОО ""Lift Capital """,Lift Capital  ТОО,ТОО,170840036805,Поставщики ,КАЗАХСТАН,ТОО «DOWNTOWN MANAGEMENT»
000000365,Alem Auto trade ТОО ,Alem Auto trade ТОО,ТОО,170240004082,Поставщики ,КАЗАХСТАН,ТОО «DOWNTOWN MANAGEMENT»
000000366,Первое кредитное бюро ТОО ,Первое кредитное бюро ТОО,ТОО,040940002421,Поставщики ,КАЗАХСТАН,ТОО «DOWNTOWN MANAGEMENT»
000000368,"ТОО ""Alash S """,Alash S  ТОО,ТОО,200840000822,Поставщики ,КАЗАХСТАН,ТОО «DOWNTOWN MANAGEMENT»
000000373,"ТОО ""ABIO """,ABIO  ТОО,ТОО,190240022996,Поставщики ,КАЗАХСТАН,ТОО «DOWNTOWN MANAGEMENT»
000000376,"ТОО ""Казахстанская торговая группа""",Казахстанская торговая группа ТОО,ТОО,130240006263,Поставщики ,КАЗАХСТАН,ТОО «DOWNTOWN MANAGEMENT»
000000377,Abli-hotels ТОО ,Abli-hotels ТОО,ТОО,160640005856,Поставщики ,КАЗАХСТАН,ТОО «DOWNTOWN MANAGEMENT»
000000378,"ТОО ""СК Агросторойремсервис "" ",СК Агросторойремсервис  ТОО,ТОО,121040000274,Поставщики ,КАЗАХСТАН,ТОО «DOWNTOWN MANAGEMENT»
000000273,IT Generation ТОО ,IT Generation ТОО,ТОО,100240016589,Поставщики ,КАЗАХСТАН,ТОО «DOWNTOWN MANAGEMENT»
000000275,Chak Chak Media ТОО,Chak Chak Media ТОО,ТОО,200140005759,Поставщики ,КАЗАХСТАН,ТОО «DOWNTOWN MANAGEMENT»
000000276,Ами2017 ТОО ,Ами2017 ТОО,ТОО,190840005737,Поставщики ,КАЗАХСТАН,ТОО «DOWNTOWN MANAGEMENT»
000000281,"ТОО ""12 месяцев Астана""",12 месяцев Астана ТОО,ТОО,090940000711,Поставщики ,КАЗАХСТАН,ТОО «DOWNTOWN MANAGEMENT»
000000283,CleanHouse Astana ТОО ,CleanHouse Astana ТОО,ТОО,150740007180,Поставщики ,КАЗАХСТАН,ТОО «DOWNTOWN MANAGEMENT»
000000286,Энерголайт ТОО ,Энерголайт ТОО,ТОО,190240033387,Поставщики ,КАЗАХСТАН,ТОО «DOWNTOWN MANAGEMENT»
000000287,"ТОО ""Альфа КТ"" ",Альфа КТ ТОО,ТОО,970740001482,Поставщики ,КАЗАХСТАН,ТОО «DOWNTOWN MANAGEMENT»
000000289,Астанаэнергосбыт ТОО ,Астанаэнергосбыт ТОО,ТОО,040940002605,Поставщики ,КАЗАХСТАН,ТОО «DOWNTOWN MANAGEMENT»
000000010,ТОО «ГидроТех Снаб Астана» ,ГидроТех Снаб Астана ТОО,ТОО,101140009743,Поставщики ,КАЗАХСТАН,ТОО «DOWNTOWN MANAGEMENT»
000000062,Professional Accounting Services ТОО,Professional Accounting Services ТОО,ТОО,121140004042,Поставщики ,КАЗАХСТАН,ТОО «DOWNTOWN MANAGEMENT»
000000063,"ТОО ""Трансавиа""",Трансавиа ТОО,ТОО,000640002027,Поставщики ,КАЗАХСТАН,ТОО «DOWNTOWN MANAGEMENT»
000000064,Manegement company M&M ТОО,Manegement company M&M ТОО,ТОО,160740009149,Поставщики ,КАЗАХСТАН,ТОО «DOWNTOWN MANAGEMENT»
000000065,SKA-STROY ТОО,SKA-STROY ТОО,ТОО,180440025798,Поставщики ,КАЗАХСТАН,ТОО «DOWNTOWN MANAGEMENT»
000000066,Компания Дара-М ТОО,Компания Дара-М ТОО,ТОО,140540008437,Поставщики ,КАЗАХСТАН,ТОО «DOWNTOWN MANAGEMENT»
000000067,"ТОО ""Белый Ветер KZ""",Белый Ветер KZ ТОО,ТОО,110340018293,Поставщики ,КАЗАХСТАН,ТОО «DOWNTOWN MANAGEMENT»
000000068,BUILDING RESOURCES ТОО,BUILDING RESOURCES ТОО,ТОО,070340020888,Поставщики ,КАЗАХСТАН,ТОО «DOWNTOWN MANAGEMENT»
000000521,Путеводитель столицы ТОО ,Путеводитель столицы ТОО,ТОО,190940029671,Поставщики ,КАЗАХСТАН,ТОО «DOWNTOWN MANAGEMENT»
000000522,KENGURU KZ ТОО ,KENGURU KZ ТОО,ТОО,200440000510,Поставщики ,КАЗАХСТАН,ТОО «DOWNTOWN MANAGEMENT»
000000523,Евролес ТОО ,Евролес ТОО,ТОО,120540005141,Поставщики ,КАЗАХСТАН,ТОО «DOWNTOWN MANAGEMENT»
000000524,ТОО Проекная Академия KAZGOR ,Проекная Академия KAZGOR ТОО,ТОО,031240000986,Поставщики ,КАЗАХСТАН,ТОО «DOWNTOWN MANAGEMENT»
000000526,ТанШолпан НТ ТОО ,ТанШолпан НТ ТОО,ТОО,010840005803,Поставщики ,КАЗАХСТАН,ТОО «DOWNTOWN MANAGEMENT»
000000292,"ТОО ""АртықШылық""",АртықШылық ТОО,ТОО,131240007558,Поставщики ,КАЗАХСТАН,ТОО «DOWNTOWN MANAGEMENT»
000000294,"ТОО ""SPK-трэйн /СПК трэйн """,SPK-трэйн /СПК трэйн  ТОО,ТОО,080140002717,Поставщики ,КАЗАХСТАН,ТОО «DOWNTOWN MANAGEMENT»
000000296,"ТОО ""Синхрон""",Синхрон ТОО,ТОО,000140001922,Поставщики ,КАЗАХСТАН,ТОО «DOWNTOWN MANAGEMENT»
000000299,Telecom Servis PV ТОО ,Telecom Servis PV ТОО,ТОО,100840013774,Поставщики ,КАЗАХСТАН,ТОО «DOWNTOWN MANAGEMENT»
000000301,"ТОО ""Компания ЛАЙН""",Компания ЛАЙН ТОО,ТОО,941140000060,Поставщики ,КАЗАХСТАН,ТОО «DOWNTOWN MANAGEMENT»
000000302,Лидер 21 ТОО ,Лидер 21 ТОО,ТОО,130340013296,Поставщики ,КАЗАХСТАН,ТОО «DOWNTOWN MANAGEMENT»
000000303,Теплолюкс -Казахстан ТОО ,Теплолюкс -Казахстан ТОО,ТОО,130640011726,Поставщики ,КАЗАХСТАН,ТОО «DOWNTOWN MANAGEMENT»
000000304,ProFile.kz ТОО ,ProFile.kz ТОО,ТОО,110840013528,Поставщики ,КАЗАХСТАН,ТОО «DOWNTOWN MANAGEMENT»
000000305,НТП Kazecotech ТОО ,НТП Kazecotech ТОО,ТОО,110840010682,Поставщики ,КАЗАХСТАН,ТОО «DOWNTOWN MANAGEMENT»
000000307,БайАз ТОО ,БайАз ТОО,ТОО,181040013148,Поставщики ,КАЗАХСТАН,ТОО «DOWNTOWN MANAGEMENT»
000000308,Юниплэкс ТОО ,Юниплэкс ТОО,ТОО,061140012199,Поставщики ,КАЗАХСТАН,ТОО «DOWNTOWN MANAGEMENT»
000000311,"ТОО ""Kahan-Astanа""",Kahan-Astanа ТОО,ТОО,090640009229,Поставщики ,КАЗАХСТАН,ТОО «DOWNTOWN MANAGEMENT»
000000317,МастерПринт&Co ТОО ,МастерПринт&Co ТОО,ТОО,110240013774,Поставщики ,КАЗАХСТАН,ТОО «DOWNTOWN MANAGEMENT»
000000318,"ТОО ""Astana Service Automatic""",Astana Service Automatic ТОО,ТОО,190240025495,Поставщики ,КАЗАХСТАН,ТОО «DOWNTOWN MANAGEMENT»
000000321,Trilioner SN ТОО ,Trilioner SN ТОО,ТОО,180440010690,Поставщики ,КАЗАХСТАН,ТОО «DOWNTOWN MANAGEMENT»
000000324,ElectroMart ТОО ,ElectroMart ТОО,ТОО,180440020955,Поставщики ,КАЗАХСТАН,ТОО «DOWNTOWN MANAGEMENT»
000000327,Куанышева Айнель Камбаровна ,Куанышева Айнель Камбаровна,ФЛ,900501450242,Поставщики ,КАЗАХСТАН,ТОО «DOWNTOWN MANAGEMENT»
000000328,"Страховая Компания ""Евразия""  АО ",Страховая Компания Евразия АО,АО,950540000024,Поставщики ,КАЗАХСТАН,ТОО «DOWNTOWN MANAGEMENT»
000000331,"ТОО ""ЭлектроМонтажПрофи""",ЭлектроМонтажПрофи ТОО,ТОО,180340013552,Поставщики ,КАЗАХСТАН,ТОО «DOWNTOWN MANAGEMENT»
000000332,Астана - Теплотранзит АО ,Астана - Теплотранзит АО,АО,041140003314,Поставщики ,КАЗАХСТАН,ТОО «DOWNTOWN MANAGEMENT»
000000333,Шиелі - А ТОО ,Шиелі - А ТОО,ТОО,110240010531,Поставщики ,КАЗАХСТАН,ТОО «DOWNTOWN MANAGEMENT»
000000335,"ТОО ""INTANT-Astana""",INTANT-Astana ТОО,ТОО,061140008180,Поставщики ,КАЗАХСТАН,ТОО «DOWNTOWN MANAGEMENT»
000000336,"ТехноНИКОЛЬ-КАЗАХСТАН""ТОО",ТехноНИКОЛЬ-КАЗАХСТАН ТОО,ТОО,040240003068,Поставщики ,КАЗАХСТАН,ТОО «DOWNTOWN MANAGEMENT»
000000337,"ТОО ""ESQ""",ESQ ТОО,ТОО,130340004396,Поставщики ,КАЗАХСТАН,ТОО «DOWNTOWN MANAGEMENT»
000000340,ALSEZA( АЛСЕЗА) ТОО ,ALSEZA( АЛСЕЗА) ТОО,ТОО,080640002211,Поставщики ,КАЗАХСТАН,ТОО «DOWNTOWN MANAGEMENT»
000000341,Әлем ТАТ ТОО,Әлем ТАТ ТОО,ТОО,020340001250,Поставщики ,КАЗАХСТАН,ТОО «DOWNTOWN MANAGEMENT»
000000699,Агро НС ТОО ,Агро НС ТОО,ТОО,190940022058,Поставщики ,КАЗАХСТАН,ТОО «DOWNTOWN MANAGEMENT»
000000700,"ТОО ""Производственно-коммерческая фирма"" М и М """,Производственно-коммерческая фирма М и М  ТОО,ТОО,930540000184,Поставщики ,КАЗАХСТАН,ТОО «DOWNTOWN MANAGEMENT»
000000703,Мастер саун ТОО,Мастер саун ТОО,ТОО,110240020876,Поставщики ,КАЗАХСТАН,ТОО «DOWNTOWN MANAGEMENT»
000000705,"ТОО  ""Эрнст энд Янг Казахстан""",Эрнст энд Янг Казахстан ТОО,ТОО,920240000197,Поставщики ,КАЗАХСТАН,ТОО «DOWNTOWN MANAGEMENT»
000000706,ТОО«TAAZ INVESTMENTS AND SERVICES» (ТААЗ ИНВЕСТМЕНТС ЭНД СЕРВИСЕС),ТООTAAZ INVESTMENTS AND SERVICES (ТААЗ ИНВЕСТМЕНТС ЭНД СЕРВИСЕС),ТОО,190340008062,Поставщики ,КАЗАХСТАН,ТОО «DOWNTOWN MANAGEMENT»
000000707,"ТОО Ф-ал ""Картриджная Компания CLA """,Ф-ал Картриджная Компания CLA  ТОО,ТОО,140441010579,Поставщики ,КАЗАХСТАН,ТОО «DOWNTOWN MANAGEMENT»
000000708,"ТОО ""TEHNA.KZ"" ",TEHNA.KZ ТОО,ТОО,220740041007,Поставщики ,КАЗАХСТАН,ТОО «DOWNTOWN MANAGEMENT»
000000709,"ТОО  ""Картриджная компания CLA""",Картриджная компания CLA ТОО,ТОО,130840013462,Поставщики ,КАЗАХСТАН,ТОО «DOWNTOWN MANAGEMENT»
000000713,"ТОО ""Центр производительности и качества""",Центр производительности и качества ТОО,ТОО,170640007369,Поставщики ,КАЗАХСТАН,ТОО «DOWNTOWN MANAGEMENT»
000000717,"ТОО ""Любимый Дом-Астана""",Любимый Дом-Астана ТОО,ТОО,160440025853,Поставщики ,КАЗАХСТАН,ТОО «DOWNTOWN MANAGEMENT»
000000646,"ТОО ""InfoTrade LTD""",InfoTrade LTD ТОО,ТОО,210640010666,Поставщики ,КАЗАХСТАН,ТОО «DOWNTOWN MANAGEMENT»
000000647,"ТОО ""КазСибФармацея""",КазСибФармацея ТОО,ТОО,030940003537,Поставщики ,КАЗАХСТАН,ТОО «DOWNTOWN MANAGEMENT»
000000650,"ТОО ""Kairos Trade""",Kairos Trade ТОО,ТОО,130840015508,Поставщики ,КАЗАХСТАН,ТОО «DOWNTOWN MANAGEMENT»
000000651,"ТОО ""ПРОКСИМО2022"" ",ПРОКСИМО2022 ТОО,ТОО,220640040273,Поставщики ,КАЗАХСТАН,ТОО «DOWNTOWN MANAGEMENT»
000000653,"ТОО ""AK EL ASTANA"" ",AK EL ASTANA ТОО,ТОО,081240014300,Поставщики ,КАЗАХСТАН,ТОО «DOWNTOWN MANAGEMENT»
000000654,"ТОО ""Азия Норд""",Азия Норд ТОО,ТОО,151240019991,Поставщики ,КАЗАХСТАН,ТОО «DOWNTOWN MANAGEMENT»
000000655,"ТОО ""Global Network Tehnology""",Global Network Tehnology ТОО,ТОО,220240000329,Поставщики ,КАЗАХСТАН,ТОО «DOWNTOWN MANAGEMENT»
000000656,"Qazzaq group"" ТОО ",Qazzaq group ТОО,ТОО,201240004330,Поставщики ,КАЗАХСТАН,ТОО «DOWNTOWN MANAGEMENT»
000000293,"ТОО ""Холод-Экспо""",Холод-Экспо ТОО,ТОО,100740003228,Поставщики ,КАЗАХСТАН,ТОО «DOWNTOWN MANAGEMENT»
000000657,"ТОО ""Abilbaga""",Abilbaga ТОО,ТОО,160140011872,Поставщики ,КАЗАХСТАН,ТОО «DOWNTOWN MANAGEMENT»
000000658,"ТОО  ""Green Country""",Green Country ТОО,ТОО,180840004363,Поставщики ,КАЗАХСТАН,ТОО «DOWNTOWN MANAGEMENT»
000000659,Жана Жол Бетон ТОО ,Жана Жол Бетон ТОО,ТОО,211240033158,Поставщики ,КАЗАХСТАН,ТОО «DOWNTOWN MANAGEMENT»
000000660,ЖилПромСтрой Азия ТОО ,ЖилПромСтрой Азия ТОО,ТОО,081140006455,Поставщики ,КАЗАХСТАН,ТОО «DOWNTOWN MANAGEMENT»
000000662,"ТОО ""КОТЛЫ-КЗ""",КОТЛЫ-КЗ ТОО,ТОО,161040015011,Поставщики ,КАЗАХСТАН,ТОО «DOWNTOWN MANAGEMENT»
000000664,"ТОО ""Daryn Advice""",Daryn Advice ТОО,ТОО,210440033320,Поставщики ,КАЗАХСТАН,ТОО «DOWNTOWN MANAGEMENT»
000000665,Ресанта Компани ТОО ,Ресанта Компани ТОО,ТОО,180740020669,Поставщики ,КАЗАХСТАН,ТОО «DOWNTOWN MANAGEMENT»
000000694,"Spectrum Плюс""ТОО ",Spectrum Плюс ТОО,ТОО,200740016429,Поставщики ,КАЗАХСТАН,ТОО «DOWNTOWN MANAGEMENT»
000000697,"ТОО ""Терминал Астана "" ",Терминал Астана  ТОО,ТОО,191140017808,Поставщики ,КАЗАХСТАН,ТОО «DOWNTOWN MANAGEMENT»
000000610,СтройДекор 777 ТОО ,СтройДекор 777 ТОО,ТОО,130940008063,Поставщики ,КАЗАХСТАН,ТОО «DOWNTOWN MANAGEMENT»
000000612,"ТОО ""Торговый Дом""Керамин Астана""",Торговый ДомКерамин Астана ТОО,ТОО,020140000521,Поставщики ,КАЗАХСТАН,ТОО «DOWNTOWN MANAGEMENT»
000000613,"ТОО ""КАСКАД РИК""",КАСКАД РИК ТОО,ТОО,130240028627,Поставщики ,КАЗАХСТАН,ТОО «DOWNTOWN MANAGEMENT»
000000260,CORDIAL SERVICE (КОРДИАЛ СЕРВИС) ТОО,CORDIAL SERVICE (КОРДИАЛ СЕРВИС) ТОО,ТОО,070240003152,Поставщики ,КАЗАХСТАН,ТОО «DOWNTOWN MANAGEMENT»
000000029,ТОО  «Хатбер-Казахстан» ,Хатбер-Казахстан ТОО,ТОО,100740009297,Поставщики ,КАЗАХСТАН,ТОО «DOWNTOWN MANAGEMENT»
000000668,"ТОО ""ZENIT NOVA"" ",ZENIT NOVA ТОО,ТОО,190240013075,Поставщики ,КАЗАХСТАН,ТОО «DOWNTOWN MANAGEMENT»
000000669,"ТОО ""Comfort plus 2022""",Comfort plus 2022 ТОО,ТОО,220740002752,Поставщики ,КАЗАХСТАН,ТОО «DOWNTOWN MANAGEMENT»
000000672,"ТОО ""Строительная компания ""Аманат""",Строительная компания Аманат ТОО,ТОО,040140003004,Поставщики ,КАЗАХСТАН,ТОО «DOWNTOWN MANAGEMENT»
000000673,"ТОО ""АЛСИ Сервис""",АЛСИ Сервис ТОО,ТОО,100140011118,Поставщики ,КАЗАХСТАН,ТОО «DOWNTOWN MANAGEMENT»
000000675,SGM-Trans ТОО,SGM-Trans ТОО,ТОО,140840017526,Поставщики ,КАЗАХСТАН,ТОО «DOWNTOWN MANAGEMENT»
000000677,"ТОО ""КазАрСтрой"" ",КазАрСтрой ТОО,ТОО,131240016339,Поставщики ,КАЗАХСТАН,ТОО «DOWNTOWN MANAGEMENT»
000000678,"ТОО ""Джан Плюс""",Джан Плюс ТОО,ТОО,170740025172,Поставщики ,КАЗАХСТАН,ТОО «DOWNTOWN MANAGEMENT»
000000679,"ТОО ""Жумыс""",Жумыс ТОО,ТОО,950140001711,Поставщики ,КАЗАХСТАН,ТОО «DOWNTOWN MANAGEMENT»
000000680,"ТОО ""VEG Trade flooring and ceiling""",VEG Trade flooring and ceiling ТОО,ТОО,130640019830,Поставщики ,КАЗАХСТАН,ТОО «DOWNTOWN MANAGEMENT»
000000681,"Сервисная фабрика - филиала АО ""Казахтелеком""",Сервисная фабрика - филиала Казахтелеком АО,АО,190341004451,Поставщики ,КАЗАХСТАН,ТОО «DOWNTOWN MANAGEMENT»
000000682,"ТОО ""Pool-Service""",Pool-Service ТОО,ТОО,110640003008,Поставщики ,КАЗАХСТАН,ТОО «DOWNTOWN MANAGEMENT»
000000684,"ЮЛЛА (YULLA)""ТОО ",ЮЛЛА (YULLA) ТОО,ТОО,200640004401,Поставщики ,КАЗАХСТАН,ТОО «DOWNTOWN MANAGEMENT»
000000685,"ГАЙНЕШ""ТОО",ГАЙНЕШ ТОО,ТОО,160740019116,Поставщики ,КАЗАХСТАН,ТОО «DOWNTOWN MANAGEMENT»
000000686,"ТОО ""TehPro Group""",TehPro Group ТОО,ТОО,200840013369,Поставщики ,КАЗАХСТАН,ТОО «DOWNTOWN MANAGEMENT»
000000687,"ТОО ""MK-KERAMIKA""(МК-КЕРАМИКА) ",MK-KERAMIKA(МК-КЕРАМИКА) ТОО,ТОО,210140037392,Поставщики ,КАЗАХСТАН,ТОО «DOWNTOWN MANAGEMENT»
000000688,"ТОО ""СВОРД Элеватор Казахстан""",СВОРД Элеватор Казахстан ТОО,ТОО,200540023177,Поставщики ,КАЗАХСТАН,ТОО «DOWNTOWN MANAGEMENT»
000000689,"ТОО ""НУР-СБ""",НУР-СБ ТОО,ТОО,140440026888,Поставщики ,КАЗАХСТАН,ТОО «DOWNTOWN MANAGEMENT»
000000691,Burabay Hotel Management (Бурабай Хотел Менеджмент) ТОО ,Burabay Hotel Management (Бурабай Хотел Менеджмент) ТОО,ТОО,121240007497,Поставщики ,КАЗАХСТАН,ТОО «DOWNTOWN MANAGEMENT»
000000692,ТОО  «NUR-TAY TSW»,NUR-TAY TSW ТОО,ТОО,190440036973,Поставщики ,КАЗАХСТАН,ТОО «DOWNTOWN MANAGEMENT»
000000693,"ТОО ""CLC(Customs Logistics Company)",CLC(Customs Logistics Company) ТОО,ТОО,180240004807,Поставщики ,КАЗАХСТАН,ТОО «DOWNTOWN MANAGEMENT»
000000038,ТОО «Хозтрейд» ,Хозтрейд ТОО,ТОО,151140010072,Поставщики ,КАЗАХСТАН,ТОО «DOWNTOWN MANAGEMENT»
000000344,Homa Мастер Сервис Астана ТОО ,Homa Мастер Сервис Астана ТОО,ТОО,090440013824,Поставщики ,КАЗАХСТАН,ТОО «DOWNTOWN MANAGEMENT»
000000348,АО Колеса,Колеса АО,АО,970440003326,Поставщики ,КАЗАХСТАН,ТОО «DOWNTOWN MANAGEMENT»
000000350,AKB -Energy ТОО ,AKB -Energy ТОО,ТОО,130840018007,Поставщики ,КАЗАХСТАН,ТОО «DOWNTOWN MANAGEMENT»
000000354,Glass city ТОО ,Glass city ТОО,ТОО,190740034383,Поставщики ,КАЗАХСТАН,ТОО «DOWNTOWN MANAGEMENT»
000000011,ТОО Asset-Asia ,Asset-Asia ТОО,ТОО,180940000443,Поставщики ,КАЗАХСТАН,ТОО «CO-PROSTRANSTVO»
000000015,SPK-трэйн ТОО ,SPK-трэйн ТОО,ТОО,080140002717,Поставщики ,КАЗАХСТАН,ТОО «CO-PROSTRANSTVO»
000000016,ТОО «Компания системных бизнес технологий»,Компания системных бизнес технологий ТОО,ТОО,130140009766,Поставщики ,КАЗАХСТАН,ТОО «CO-PROSTRANSTVO»
000000018,DownTown Management ТОО ,DownTown Management ТОО,ТОО,180540035878,Поставщики ,КАЗАХСТАН,ТОО «CO-PROSTRANSTVO»
000000029,"ТОО ""Info Tes"" ",Info Tes ТОО,ТОО,220740041007,Поставщики ,КАЗАХСТАН,ТОО «CO-PROSTRANSTVO»
000000034,"ТОО ""Paretto""",Paretto ТОО,ТОО,221140008175,Поставщики ,КАЗАХСТАН,ТОО «CO-PROSTRANSTVO»
000000037,"КХ ""Атамекен""",Атамекен КХ,КХ,700730302001,Поставщики ,КАЗАХСТАН,ТОО «CO-PROSTRANSTVO»
000000042,"ТОО ""CH ENGINEERING""",CH ENGINEERING ТОО,ТОО,070640007229,Поставщики ,КАЗАХСТАН,ТОО «CO-PROSTRANSTVO»
000000044,"ТОО ""LUX SERVIS KZ""",LUX SERVIS KZ ТОО,ТОО,180740008698,Поставщики ,КАЗАХСТАН,ТОО «CO-PROSTRANSTVO»
000000048,"ТОО ""FIVE SENSES MARKETING""",FIVE SENSES MARKETING ТОО,ТОО,150740011941,Поставщики ,КАЗАХСТАН,ТОО «CO-PROSTRANSTVO»
000000059,"ТОО ""Business Insight Masters""",Business Insight Masters ТОО,ТОО,160840006455,Поставщики ,КАЗАХСТАН,ТОО «CO-PROSTRANSTVO»
000000063,"ТОО ""The Best Accountants KZ""",The Best Accountants KZ ТОО,ТОО,230140040069,Поставщики ,КАЗАХСТАН,ТОО «CO-PROSTRANSTVO»
000000066,"ТОО ""GMC CAPITAL (джиэмси кэпитал)""",GMC CAPITAL (джиэмси кэпитал) ТОО,ТОО,190240022591,Поставщики ,КАЗАХСТАН,ТОО «CO-PROSTRANSTVO»
000000077,"ТОО ""Научно-исследовательский центр ""Уголь""",Научно-исследовательский центр Уголь ТОО,ТОО,001040004103,Поставщики ,КАЗАХСТАН,ТОО «CO-PROSTRANSTVO»
000000080,ТОО Keruen souvenirs,Keruen souvenirs ТОО,ТОО,140840002062,Поставщики ,КАЗАХСТАН,ТОО «CO-PROSTRANSTVO»
000000083,"ТОО ""AROMACO""",AROMACO ТОО,ТОО,060340000427,Поставщики ,КАЗАХСТАН,ТОО «CO-PROSTRANSTVO»
000000084,"АО ""Компания по страхованию жизни ""Коммеск-Өмір""",Компания по страхованию жизни Коммеск-Өмір АО,АО,911140000055,Поставщики ,КАЗАХСТАН,ТОО «CO-PROSTRANSTVO»
000000023,ТОО Шиелі-А,Шиелі-А ТОО,ТОО,110240010531,Поставщики ,КАЗАХСТАН,ТОО «CO-PROSTRANSTVO»
000000004,"НАО ""Государственная корпорация ""Правительство для граждан""",НГосударственная корпорация Правительство для граждан АО,АО,160440007161,Поставщики ,КАЗАХСТАН,ТОО «CO-PROSTRANSTVO»
000000135,"ТОО ""Elite Apart-Hotel Service""",Elite Apart-Hotel Service ТОО,ТОО,190640010144,Поставщики ,КАЗАХСТАН,Asset-Asia ТОО
000000139,"ТОО ""Республиканский Центр Дополгительного образования"" VQ центр""",Республиканский Центр Дополгительного образования VQ центр ТОО,ТОО,190940001621,Поставщики ,КАЗАХСТАН,Asset-Asia ТОО
000000129,"Филиал ""Дирекция платных автомобильных дорог ""АО ""Национальная компания ""ҚазАвтоЖол""",Филиал Дирекция платных автомобильных дорог Национальная компания ҚазАвтоЖол АО,АО,140241014416,Поставщики ,КАЗАХСТАН,Asset-Asia ТОО
000000131,"ТОО ""МЕРОН СТРОЙ""",МЕРОН СТРОЙ ТОО,ТОО,211140008738,Поставщики ,КАЗАХСТАН,Asset-Asia ТОО
000000086,"ТОО ""КазСнабСтрой КЗ""",КазСнабСтрой КЗ ТОО,ТОО,170740026953,Поставщики ,КАЗАХСТАН,Asset-Asia ТОО
000000087,"ТОО ""Магия Аромата""",Магия Аромата ТОО,ТОО,130640020507,Поставщики ,КАЗАХСТАН,Asset-Asia ТОО
000000090,"ТОО ""Safina-catering""",Safina-catering ТОО,ТОО,870601499181,Поставщики ,КАЗАХСТАН,Asset-Asia ТОО
000000093,"Филиал АО СК ""Номад Иншуранс"" в г Нур-Султан ",Филиал СК Номад Иншуранс в г Нур-Султан АО,АО,051041007688,Поставщики ,КАЗАХСТАН,Asset-Asia ТОО
000000125,"ТОО ""Scoliologic.kz""",Scoliologic.kz ТОО,ТОО,200240019910,Поставщики ,КАЗАХСТАН,Asset-Asia ТОО
000000126,"ТОО ""ПромБиот""",ПромБиот ТОО,ТОО,161040005410,Поставщики ,КАЗАХСТАН,Asset-Asia ТОО
000000096,"ТОО ""ВикРос""",ВикРос ТОО,ТОО,181140032990,Поставщики ,КАЗАХСТАН,Asset-Asia ТОО
000000100,"ТОО ""AS Creative""",AS Creative ТОО,ТОО,190240032646,Поставщики ,КАЗАХСТАН,Asset-Asia ТОО
000000022,"ТОО ""Service RC""",Service RC ТОО,ТОО,191040026270,Поставщики ,КАЗАХСТАН,Asset-Asia ТОО
000000023,"ТОО ""TRUE FOOD KZ""",TRUE FOOD KZ ТОО,ТОО,210340004938,Поставщики ,КАЗАХСТАН,Asset-Asia ТОО
000000030,"ТОО ""KAYAR (КАЯР)""",KAYAR (КАЯР) ТОО,ТОО,130240003562,Поставщики ,КАЗАХСТАН,Asset-Asia ТОО
000000033,"ТОО ""DOWNTOWN MANAGEMENT""",DOWNTOWN MANAGEMENT ТОО,ТОО,180540035878,Поставщики ,КАЗАХСТАН,Asset-Asia ТОО
000000037,"ТОО ""Adax Capital Management""",Adax Capital Management ТОО,ТОО,190540013908,Поставщики ,КАЗАХСТАН,Asset-Asia ТОО
000000044,"ТОО ""Real Estate Partners""",Real Estate Partners ТОО,ТОО,171240010882,Поставщики ,КАЗАХСТАН,Asset-Asia ТОО
000000045,"ТОО ""Дом Идея""",Дом Идея ТОО,ТОО,201140007094,Поставщики ,КАЗАХСТАН,Asset-Asia ТОО
000000056,"ТОО ""Smart decisions""",Smart decisions ТОО,ТОО,180740004141,Поставщики ,КАЗАХСТАН,Asset-Asia ТОО
000000058,ТОО Объединение юридических лиц «Бизнес Ассоциация «KIT»,Объединение юридических лиц Бизнес Ассоциация KIT ТОО,ТОО,180940022018,Поставщики ,КАЗАХСТАН,Asset-Asia ТОО
000000070,"ТОО ""Роял Дизайн Груп""",Роял Дизайн Груп ТОО,ТОО,171040013384,Поставщики ,КАЗАХСТАН,Asset-Asia ТОО
000000072,"ТОО ""FAVORITEPRODUCTION (ФаворитПродакшн)""",FAVORITEPRODUCTION (ФаворитПродакшн) ТОО,ТОО,180940029500,Поставщики ,КАЗАХСТАН,Asset-Asia ТОО
000000073,"ТОО ""Правильная униформа"" ",Правильная униформа ТОО,ТОО,180940011746,Поставщики ,КАЗАХСТАН,Asset-Asia ТОО
000000074,"ТОО ""Информационный справочник столицы"" ",Информационный справочник столицы ТОО,ТОО,190740020531,Поставщики ,КАЗАХСТАН,Asset-Asia ТОО
000000079,"ТОО ""Шиелi-А""",Шиелi-А ТОО,ТОО,110240010531,Поставщики ,КАЗАХСТАН,Asset-Asia ТОО
000000081,"ТОО ""Ердәуіт-астана""",Ердәуіт-астана ТОО,ТОО,070540014505,Поставщики ,КАЗАХСТАН,Asset-Asia ТОО
000000102,"ТОО ""Компания Системных Бизнес-Технологий""",Компания Системных Бизнес-Технологий ТОО,ТОО,130140009766,Поставщики ,КАЗАХСТАН,Asset-Asia ТОО
000000107,"ТОО ""SB Industry""",SB Industry ТОО,ТОО,160140001706,Поставщики ,КАЗАХСТАН,Asset-Asia ТОО
000000108,"ТОО ""Оазис-Астана""",Оазис-Астана ТОО,ТОО,120840006498,Поставщики ,КАЗАХСТАН,Asset-Asia ТОО
000000110,"ТОО ""Бельканто""",Бельканто ТОО,ТОО,210940014848,Поставщики ,КАЗАХСТАН,Asset-Asia ТОО
000000111,ТОО Автогаз Трэйд ,Автогаз Трэйд ТОО,ТОО,141140004759,Поставщики ,КАЗАХСТАН,Asset-Asia ТОО
000000112,"ТОО ""CO- PROSRTANSTVO""",CO- PROSRTANSTVO ТОО,ТОО,211140017579,Поставщики ,КАЗАХСТАН,Asset-Asia ТОО
000000119,"ТОО ""AppazovPrint""",AppazovPrint ТОО,ТОО,210940007419,Поставщики ,КАЗАХСТАН,Asset-Asia ТОО
000000121,"ТОО ""GMC CAPITAL"" (джиэмси кэпитал)",GMC CAPITAL (джиэмси кэпитал) ТОО,ТОО,190240022591,Поставщики ,КАЗАХСТАН,Asset-Asia ТОО
000000122,"ТОО ""Green Which Kokshetau""",Green Which Kokshetau ТОО,ТОО,170540002017,Поставщики ,КАЗАХСТАН,Asset-Asia ТОО
000000013,EUROELECTRIC Kazakhstan ТОО ,EUROELECTRIC Kazakhstan ТОО,ТОО,050340000287,Поставщики ,КАЗАХСТАН,Asset-Asia ТОО
000000189,"ТОО "" QazaqAR "" ",QazaqAR  ТОО,ТОО,221140006288,Поставщики ,КАЗАХСТАН,Asset-Asia ТОО
000000196,"ТОО ""AnG Group""",AnG Group ТОО,ТОО,150740016417,Поставщики ,КАЗАХСТАН,Asset-Asia ТОО
000000207," ТОО ""PARETTO""",PARETTO ТОО,ТОО,221140008175,Поставщики ,КАЗАХСТАН,Asset-Asia ТОО
000000210,"ТОО ""MERCUR AUTOS""",MERCUR AUTOS ТОО,ТОО,101040008325,Поставщики ,КАЗАХСТАН,Asset-Asia ТОО
000000211,"ТОО ""Astana Polimer KZ""",Astana Polimer KZ ТОО,ТОО,180740024849,Поставщики ,КАЗАХСТАН,Asset-Asia ТОО
000000212,"ТОО ""ЖҰМЫС""",ЖҰМЫС ТОО,ТОО,921040000201,Поставщики ,КАЗАХСТАН,Asset-Asia ТОО
000000213,Авто Америка ТОО ,Авто Америка ТОО,ТОО,220140024957,Поставщики ,КАЗАХСТАН,Asset-Asia ТОО
000000217,"ТОО  ""Royal Cars Nur-Sultan""",Royal Cars Nur-Sultan ТОО,ТОО,190940004071,Поставщики ,КАЗАХСТАН,Asset-Asia ТОО
000000222,"ТОО ""J-time""",J-time ТОО,ТОО,200140037509,Поставщики ,КАЗАХСТАН,Asset-Asia ТОО
000000225,"АО ""Компания по страхованию жизни ""Standard Life""",Компания по страхованию жизни Standard Life АО,АО,070940015052,Поставщики ,КАЗАХСТАН,Asset-Asia ТОО
000000237,"ТОО ""Bagetcentr (Багетцентр)""",Bagetcentr (Багетцентр) ТОО,ТОО,211140005753,Поставщики ,КАЗАХСТАН,Asset-Asia ТОО
000000239,"ТОО ""КазНиК""",КазНиК ТОО,ТОО,130540011257,Поставщики ,КАЗАХСТАН,Asset-Asia ТОО
000000241,Индивидуальный Предприниматель Акылова,Акылова ИП,ИП,920330400875,Поставщики ,КАЗАХСТАН,Asset-Asia ТОО
000000243,Volton ТОО,Volton ТОО,ТОО,170440011815,Поставщики ,КАЗАХСТАН,Asset-Asia ТОО
000000245,"ТОО ""SPK-трэйн""",SPK-трэйн ТОО,ТОО,080140002717,Поставщики ,КАЗАХСТАН,Asset-Asia ТОО
000000250,"АО ""Компания по страхованию жизни ""Коммеск-Өмір""",Компания по страхованию жизни Коммеск-Өмір АО,АО,911140000055,Поставщики ,КАЗАХСТАН,Asset-Asia ТОО
000000084,"ТОО ""SK.Y Architects""",SK.Y Architects ТОО,ТОО,100340021073,Поставщики ,КАЗАХСТАН,Asset-Asia ТОО
000000180,QWM Qaz Waste Management ТОО,QWM Qaz Waste Management ТОО,ТОО,120840013649,Поставщики ,КАЗАХСТАН,Asset-Asia ТОО
000000184,"ТОО ""Info Tes"" ",Info Tes ТОО,ТОО,220740041007,Поставщики ,КАЗАХСТАН,Asset-Asia ТОО
000000141,"ТОО ""MIR-GAZA""",MIR-GAZA ТОО,ТОО,200540015156,Поставщики ,КАЗАХСТАН,Asset-Asia ТОО
000000145,"ТОО ""Abat-S.kz""",Abat-S.kz ТОО,ТОО,140240016873,Поставщики ,КАЗАХСТАН,Asset-Asia ТОО
000000152,"ТОО ""CREW-TO""",CREW-TO ТОО,ТОО,131240014164,Поставщики ,КАЗАХСТАН,Asset-Asia ТОО
000000177,"АО ""Страховая компания Евразия""",Страховая компания Евразия АО,АО,950540000024,Поставщики ,КАЗАХСТАН,Asset-Asia ТОО
000000159,"ТОО ""G НUB""",G НUB ТОО,ТОО,210640027751,Поставщики ,КАЗАХСТАН,Asset-Asia ТОО
000000160,"ТОО ""SALIA""",SALIA ТОО,ТОО,170740013327,Поставщики ,КАЗАХСТАН,Asset-Asia ТОО
000000164,"ТОО ""Aroma Solutions""",Aroma Solutions ТОО,ТОО,160140010765,Поставщики ,КАЗАХСТАН,Asset-Asia ТОО
000000166,"АО ""Национальная компания""ҚазАвтоЖол""",Национальная компания ҚазАвтоЖол АО,АО,090140000306,Поставщики ,КАЗАХСТАН,Asset-Asia ТОО
000000175,"ТОО ""ДХЛ ИНТЕРНЕШНЛ КАЗАХСТАН""",ДХЛ ИНТЕРНЕШНЛ КАЗАХСТАН ТОО,ТОО,040240002644,Поставщики ,КАЗАХСТАН,Asset-Asia ТОО
