parent,name,short_name,description,code,is_leaf
,Механические системы,,,,
,Электроснабжение,,,,
,Водоснабжение и канализация,,,,
,Противопожарные системы,,,,
,Слаботочные системы,,,,
,Безопасность,,,,
,Автоматизация,,,,
,Вертикальный транспорт,,,,
,Эксплуатационные системы,,,,
Автоматизация,Мониторинг,,,,
Автоматизация,Управление зданием,,,,
Автоматизация,Цифровые сервисы,,,,
Автоматизация,Энергоучёт,,,,
Безопасность,Видеонаблюдение,,,,
Безопасность,Досмотр,,,,
Безопасность,Контроль доступа,,,,
Безопасность,Парковка,,,,
Безопасность,Периметр,,,,
Безопасность,Сигнализация,,,,
Безопасность,Управление безопасностью,,,,
Вертикальный транспорт,Доступность,,,,
Вертикальный транспорт,Лифты,,,,
Вертикальный транспорт,Эскалаторы,,,,
Водоснабжение и канализация,Водоснабжение,,,,
Водоснабжение и канализация,Канализация,,,,
Механические системы,Вентиляция,,,,
Механические системы,Газоснабжение,,,,
Механические системы,Кондиционирование,,,,
Механические системы,Теплоснабжение,,,,
Механические системы,Холодоснабжение,,,,
Противопожарные системы,Обнаружение,,,,
Противопожарные системы,Оповещение,,,,
Противопожарные системы,Пассивная защита,,,,
Противопожарные системы,Противодымная защита,,,,
Противопожарные системы,Тушение,,,,
Противопожарные системы,Управление,,,,
Слаботочные системы,Кабельная инфраструктура,,,,
Слаботочные системы,Помещения связи,,,,
Слаботочные системы,Связь,,,,
Слаботочные системы,Сети передачи данных,,,,
Слаботочные системы,Трансляция,,,,
Эксплуатационные системы,Безопасность кровли,,,,
Эксплуатационные системы,Благоустройство,,,,
Эксплуатационные системы,Входные группы,,,,
Эксплуатационные системы,Логистика,,,,
Эксплуатационные системы,Наружные системы,,,,
Эксплуатационные системы,Обогрев,,,,
Эксплуатационные системы,Обслуживание фасада,,,,
Эксплуатационные системы,Отходы,,,,
Эксплуатационные системы,Сервисы арендаторов,,,,
Эксплуатационные системы,Транспорт,,,,
Электроснабжение,Внешнее электроснабжение,,,,
Электроснабжение,Генерация,,,,
Электроснабжение,Защита,,,,
Электроснабжение,Освещение,,,,
Электроснабжение,Распределение,,,,
Электроснабжение,Резервное питание,,,,
Электроснабжение,Учёт,,,,
Теплоснабжение,"Отопление (радиаторное, конвекторное)",,,HTG,TRUE
Теплоснабжение,Индивидуальный тепловой пункт,,,ITP,TRUE
Теплоснабжение,Теплые полы,,,UFH,TRUE
Теплоснабжение,Воздушные завесы,,,AC,TRUE
Вентиляция,Приточные установки,,,AHU,TRUE
Вентиляция,Вытяжные установки,,,EAU,TRUE
Вентиляция,Рекуперация тепла,,,HRV,TRUE
Вентиляция,Вентиляция паркинга,,,CPV,TRUE
Вентиляция,Кухонная вытяжная вентиляция,,,KEV,TRUE
Кондиционирование,Чиллеры,,,CH,TRUE
Кондиционирование,Градирни,,,CT,TRUE
Кондиционирование,Фанкойлы,,,FCU,TRUE
Кондиционирование,Мультизональные системы,,,VRF,TRUE
Кондиционирование,Сплит-системы,,,SAC,TRUE
Кондиционирование,Прецизионное кондиционирование (серверные),,,CRAC,TRUE
Холодоснабжение,Контур холодной воды,,,CHW,TRUE
Холодоснабжение,Контур оборотной воды конденсатора,,,CDW,TRUE
Вентиляция,VAV-терминалы (регулирование расхода воздуха),,,VAV,TRUE
Кондиционирование,Увлажнение воздуха,,,HUM,TRUE
Газоснабжение,"Газоснабжение (кухни, котельная)",,,GAS,TRUE
Холодоснабжение,Драйкулеры / свободное охлаждение,,,DRC,TRUE
Теплоснабжение,Собственная котельная (при отсутствии централиз. тепла),,,BLR,TRUE
Теплоснабжение,Тепловые насосы (воздух/грунт),,,HP,TRUE
Вентиляция,"Вентиляция технических помещений (ДГУ, аккумуляторные, насосные)",,,PRV,TRUE
Теплоснабжение,"Дымоходы и выхлопные тракты (котельная, ДГУ)",,,FLU,TRUE
Вентиляция,"УФ-обеззараживание воздуха (приточные установки, общие зоны)",,,UVGI,TRUE
Вентиляция,"Очистка кухонных вентвыбросов (гидрофильтры, ЭСФ)",,,KET,TRUE
Холодоснабжение,Химводоподготовка контуров отопления/охлаждения и градирен,,,CWT,TRUE
Внешнее электроснабжение,"Кабельные вводы 10/0,4 кВ",,,MV,TRUE
Внешнее электроснабжение,Трансформаторная подстанция,,,TS,TRUE
Распределение,Главный распределительный щит,,,MDB,TRUE
Распределение,Этажные распределительные щиты,,,DB,TRUE
Распределение,Шинопроводы,,,BBT,TRUE
Резервное питание,Дизель-генераторная установка,,,DG,TRUE
Резервное питание,Источники бесперебойного питания,,,UPS,TRUE
Резервное питание,Автоматический ввод резерва,,,ATS,TRUE
Освещение,Рабочее освещение,,,GL,TRUE
Освещение,Аварийное и эвакуационное освещение,,,EML,TRUE
Освещение,Управление освещением,,,LCS,TRUE
Освещение,Фасадное / архитектурное освещение,,,FL,TRUE
Защита,Молниезащита,,,LPS,TRUE
Защита,Заземление,,,EGS,TRUE
Учёт,Учёт электроэнергии,,,EMS,TRUE
Распределение,Компенсация реактивной мощности,,,PFC,TRUE
Освещение,Наружное освещение территории,,,SLT,TRUE
Резервное питание,Топливохранилище и топливоподача ДГУ,,,FSS,TRUE
Генерация,"Солнечные панели (кровля, фасад)",,,PV,TRUE
Резервное питание,Накопители энергии,,,BESS,TRUE
Защита,Защита от импульсных перенапряжений (УЗИП),,,SPD,TRUE
Учёт,Мониторинг качества электроэнергии,,,PQM,TRUE
Распределение,Розеточные и силовые сети (подключение оборудования),,,SP,TRUE
Распределение,"Кабеленесущие системы (лотки, короба, стояки)",,,CCS,TRUE
Резервное питание,Центральная батарейная система аварийного освещения,,,CBS,TRUE
Водоснабжение,Холодное водоснабжение,,,DCW,TRUE
Водоснабжение,Горячее водоснабжение,,,DHW,TRUE
Водоснабжение,Повысительные насосные станции,,,BPS,TRUE
Водоснабжение,Водоподготовка / фильтрация,,,WTS,TRUE
Канализация,Бытовая канализация,,,SAN,TRUE
Канализация,Ливневая канализация,,,SWD,TRUE
Канализация,Напорная канализация / КНС,,,SPS,TRUE
Канализация,Жироуловители,,,GT,TRUE
Канализация,Дренаж,,,DRN,TRUE
Канализация,Отвод конденсата от климатического оборудования,,,CDR,TRUE
Водоснабжение,Сбор и использование дождевой воды,,,RWH,TRUE
Водоснабжение,Повторное использование серых стоков,,,GWR,TRUE
Канализация,Нефтемаслоуловители (стоки паркинга и мойки),,,OPI,TRUE
Водоснабжение,Резервуары запаса хозяйственно-питьевой воды,,,DWT,TRUE
Водоснабжение,Термическая дезинфекция ГВС / защита от легионеллы,,,LEG,TRUE
Канализация,Внутренние водостоки с кровли (в т.ч. сифонные),,,IRD,TRUE
Обнаружение,Пожарная сигнализация,,,FAS,TRUE
Обнаружение,Аспирационные извещатели,,,ASD,TRUE
Тушение,Спринклерное пожаротушение,,,SPR,TRUE
Тушение,Газовое пожаротушение,,,GFS,TRUE
Тушение,Внутренний противопожарный водопровод,,,FHR,TRUE
Тушение,Насосная станция пожаротушения,,,FPR,TRUE
Тушение,Наружные гидранты,,,FH,TRUE
Оповещение,СОУЭ (оповещение и управление эвакуацией),,,PAVA,TRUE
Противодымная защита,Дымоудаление,,,SES,TRUE
Противодымная защита,"Подпор воздуха (лестницы, лифты)",,,SLP,TRUE
Противодымная защита,Огнезадерживающие клапаны,,,FSD,TRUE
Тушение,Резервуары противопожарного запаса воды,,,FWT,TRUE
Тушение,Дренчерные (водяные) завесы,,,DWC,TRUE
Тушение,Локальное тушение кухонного оборудования,,,KHS,TRUE
Пассивная защита,Огнезащита конструкций и герметизация проходок,,,PFP,TRUE
Пассивная защита,Противопожарные шторы и двери,,,FDC,TRUE
Оповещение,Связь с зонами безопасности МГН,,,DRS,TRUE
Управление,Пожарный пост / ЦПУ систем противопожарной защиты,,,FCC,TRUE
Тушение,Первичные средства пожаротушения (огнетушители),,,PFE,TRUE
Тушение,Пожаротушение тонкораспылённой водой,,,WMS,TRUE
Тушение,"Пенное пожаротушение (ДГУ, топливохранилище)",,,FSP,TRUE
Тушение,Сухотрубы для пожарных подразделений,,,DRR,TRUE
Обнаружение,Передача сигнала о пожаре на пульт пожарной охраны (ЦОУ МЧС),,,FAT,TRUE
Пассивная защита,Фотолюминесцентная эвакуационная система (ФЭС),,,PES,TRUE
Кабельная инфраструктура,Структурированная кабельная система,,,SCS,TRUE
Кабельная инфраструктура,Магистральные оптические линии,,,FOB,TRUE
Сети передачи данных,Локальная сеть,,,LAN,TRUE
Сети передачи данных,Беспроводная сеть,,,WLAN,TRUE
Сети передачи данных,Телефония,,,VoIP,TRUE
Помещения связи,Серверная,,,SR,TRUE
Помещения связи,Главный и промежуточные кроссы,,,MDF/IDF,TRUE
Трансляция,Телевидение,,,TV,TRUE
Трансляция,Радиофикация,,,RBS,TRUE
Трансляция,Часофикация,,,MCS,TRUE
Связь,Усиление сотовой связи,,,DAS,TRUE
Связь,Радиосвязь пожарных и аварийных служб,,,ERRC,TRUE
Трансляция,Фоновое озвучивание / музыка (общие зоны),,,BGM,TRUE
Помещения связи,Телеком-вводы и помещение операторов связи,,,MMR,TRUE
Связь,"Индукционные системы для слабослышащих (ресепшн, конференц-залы)",,,ALS,TRUE
Видеонаблюдение,Система видеонаблюдение,,,CCTV,TRUE
Видеонаблюдение,Видеоаналитика,,,VA,TRUE
Контроль доступа,СКУД,,,ACS,TRUE
Контроль доступа,Турникеты / скоростные проходы,,,TSG,TRUE
Контроль доступа,Домофония / переговорные устройства,,,ICS,TRUE
Сигнализация,Охранная сигнализация,,,IAS,TRUE
Сигнализация,Тревожная кнопка,,,PDA,TRUE
Периметр,Периметральная охрана,,,PSS,TRUE
Досмотр,"Металлодетекторы, рентген",,,SCR,TRUE
Парковка,Парковочная система (шлагбаумы),,,PMS,TRUE
Парковка,Распознавание номеров,,,LPR,TRUE
Парковка,Навигация по парковке,,,PGS,TRUE
Управление,Ситуационный центр / интеграция систем безопасности,,,PSIM,TRUE
Контроль доступа,Управление посетителями (гостевые пропуска),,,VMS,TRUE
Контроль доступа,Электронная ключница,,,KMS,TRUE
Периметр,Противотаранные устройства / болларды,,,RBL,TRUE
Досмотр,Досмотр днища автомобилей,,,UVIS,TRUE
Управление безопасностью,Контроль обхода территории охраной,,,GTS,TRUE
Сигнализация,Кнопки вызова помощи в санузлах МГН,,,ATA,TRUE
Видеонаблюдение,"Подсчёт посетителей (входные группы, ритейл)",,,PCS,TRUE
Управление зданием,Автоматизация и диспетчеризация,,,BMS,TRUE
Управление зданием,Интеграционная платформа,,,IBMS,TRUE
Энергоучёт,"Учёт энергоресурсов (тепло, вода, электро)",,,EnMS,TRUE
Мониторинг,Мониторинг качества воздуха,,,IAQ,TRUE
Мониторинг,Контроль CO в паркинге,,,COM,TRUE
Мониторинг,Мониторинг протечек,,,LDS,TRUE
Мониторинг,Метеостанция (данные для BMS),,,WST,TRUE
Цифровые сервисы,Мобильное приложение здания для арендаторов,,,TEA,TRUE
Мониторинг,"Контроль загазованности (котельная, кухни)",,,GLD,TRUE
Управление зданием,Выделенная сеть и кибербезопасность инженерных систем,,,OTN,TRUE
Управление зданием,"Автоматическое управление солнцезащитой (жалюзи, рольшторы)",,,ASC,TRUE
Мониторинг,Структурный мониторинг здания (для высотных БЦ),,,SHM,TRUE
Мониторинг,"Контроль утечек хладагента (VRF, чиллерные)",,,RLD,TRUE
Цифровые сервисы,"Система управления эксплуатацией и ТО (заявки, ППР)",,,CMMS,TRUE
Цифровые сервисы,Цифровой двойник / BIM-модель для эксплуатации,,,DT,TRUE
Лифты,Пассажирские лифты,,,PE,TRUE
Лифты,Грузовые / сервисные лифты,,,FE,TRUE
Лифты,Пожарные лифты,,,FFL,TRUE
Лифты,Система управления лифтами,,,DCS,TRUE
Эскалаторы,Лестничные эскалаторы,,,ESC,TRUE
Эскалаторы,Травалаторы,,,TRV,TRUE
Доступность,Подъёмники для МГН,,,PL,TRUE
Лифты,Диспетчеризация и переговорная связь лифтов,,,EMI,TRUE
Лифты,Автомобильные лифты / механизированный паркинг,,,APS,TRUE
Лифты,Малые грузовые подъёмники (кухонные лифты),,,DWL,TRUE
Обслуживание фасада,Система мойки фасадов,,,BMU,TRUE
Обогрев,"Снеготаяние (кровля, пандусы, водостоки)",,,HT,TRUE
Транспорт,Зарядные станции для электромобилей,,,EVC,TRUE
Отходы,Мусороудаление,,,WM,TRUE
Благоустройство,Полив / ирригация,,,IRR,TRUE
Благоустройство,Фонтаны,,,WF,TRUE
Сервисы арендаторов,Навигация и цифровые вывески,,,DS,TRUE
Сервисы арендаторов,АВ и конференц-системы,,,AV,TRUE
Сервисы арендаторов,Бронирование переговорных,,,MRB,TRUE
Безопасность кровли,Анкерные линии / страховочные системы на кровле,,,FAP,TRUE
Наружные системы,Заградительные авиационные огни,,,AOL,TRUE
Логистика,"Погрузочная зона (доклевеллеры, герметизаторы)",,,LDE,TRUE
Благоустройство,Озеленение кровли / вертикальное озеленение,,,GRW,TRUE
Сервисы арендаторов,Постаматы / ячейки для посылок,,,SPL,TRUE
Входные группы,"Автоматические двери, ворота и роллеты",,,ADG,TRUE
